gold_id,span,type,our_status,our_uri,our_label,our_score,job_id,company,title,city,langs,context,judgment,gold_uri,gold_notes
1,了解中文,L,matched,http://data.europa.eu/esco/skill/1fe42b38-cd42-4fc7-ae77-14e4c9e96295,Chinese,0.7029,3276,惠州高盛达科技股份有限公司,业务代表,惠州,越南语,"任职资格：
1、大专及以上学历，有@@海外大客户开发##[S]或@@海外业务经验##[S]，有智能产品，或者是智能家居、家电有关行业经验；
2、@@熟悉ToB 业务模式##[K]；具有相应的@@客户资源##[K]（日系、韩系、台系品牌厂和ODM厂等），有很强的@@新客户开发能力##[S]；
3、年龄 25-40岁，@@熟悉越南语##[L]，@@越南语口语能力##[L]需达到自由交流的水平；@@熟悉",,,
2,日语商务交流水平,L,matched,http://data.europa.eu/esco/skill/39c675c4-af13-49db-bbed-cf762102f85e,Japanese,0.68,1673,深圳基本半导体有限公司,功率模块设计工程师（日本）,深圳,日语,"任职要求：
1.@@N1##[L]合格或@@日语商务交流水平##[L]。
2.@@电子工程##[K]、@@电气工程##[K]、@@物理##[K]等相关专业本科及以上学历。
3.对于@@功率模块##[K]或@@电力电子领域##[K]，具有扎实的知识储备和相关工作经验。 (2年
4.善于@@团队合作##[T]，@@沟通能力强##[T]。
5.对新技术、新趋势感兴趣，具有@@持续学习的能力##[T]。
",,,
3,越南语—汉语,L,matched,http://data.europa.eu/esco/skill/bf60009d-8afb-4306-9b0d-cfe2f66ab08f,Vietnamese,0.7395,350,安徽安利材料科技股份有限公司,销售经理/客户经理（驻外岗位）,合肥,越南语,"负责公司越南及东盟市场开拓和产品销售，工作地点越南，待遇面议。
任职资格：
1、学历及专业：本科及以上学历，高分子、化学、合成革、纺织、经济学、营销、管理、越南语等相关专业；
2、语言技能：掌握@@越南语—汉语##[L]、@@越南语—英语##[L]沟通技能；
3、工作经验：2 年以上本岗位及相关专业工作经验，有鞋厂工作经验或国际知名品牌鞋类客户相关工作经验者优先考虑；
4、具有一定的@@沟通表达能",,,
4,西班牙语亦可,L,matched,http://data.europa.eu/esco/skill/14ee9f76-3524-43d5-8a1a-5ba8283f8bd7,Spanish,0.8005,2627,欣旺达动力科技股份有限公司,解决方案经理（海外市场）,深圳,西班牙语,"工作内容：
1、作为前端技术接口与客户进行@@技术对接##[S]；
2、基于对@@储能系统应用场景和痛点##[K]的了解，深度@@挖掘客户需求##[S]；
3、能够有效@@获取客户及友商的关键技术情报##[S]，并进行@@信息传递##[S]；
4、基于对@@储能电芯产品技术规划及开发状态##[K]的理解，可以针对客户的需求@@推广公司产品解决方案##[S]。
任职资格：
1、对@@电芯产品##[K",,,
5,日语综合能力良好,L,matched,http://data.europa.eu/esco/skill/39c675c4-af13-49db-bbed-cf762102f85e,Japanese,0.8025,1637,成都三环科技有限公司,材料研发超新星（日本留学生）,成都,日语,"工作内容：
1.负责@@新材料有机/无机体系分析与开发##[S]；
2.负责相关新材料的@@试验验证##[S]，@@总结汇报##[S]等；
3.负责@@调研新材料##[S]，@@撰写调研报告##[S]；
4.协助@@项目、标准、专利等材料的撰写##[S]；
5.负责材料的@@导入##[S]及@@推广##[S]。
要求：
1.无机、有机、复合材料、金属材料、化学化工等专业，熟悉@@材料的合成工艺##",,,
6,韩语会话,L,matched,http://data.europa.eu/esco/skill/f9bc2890-d1f2-4a83-bd7b-b150a7679c79,Korean,0.7496,4968,上海升翕光电科技有限公司,机械工程师-设计,上海,韩语,"职位描述：
1. 具有设备制作内在化的OLED设备设计经验职员
2. 装备制作国产化设计负责人
任职要求：
1. 专业是机械相关
2. 必须会@@Solidworks##[S], @@Autocad##[S]
3. 能进行简单的@@英语会话##[L]
优先条件：
1.有半导体、显示器设备设计经验者
2.会@@韩语会话##[L]的人    来自马-克-数-据-官网",,,
7,流利的英语沟通能力,L,matched,http://data.europa.eu/esco/skill/6d3edede-8951-4621-a835-e04323300fa0,English,0.7513,2078,北京晶澳太阳能光伏科技有限公司,大客户销售-北京（SW-EPC）,北京,通用小语种,"数据由马 克 团 队整理        岗位职责：
（请投递人注意工作地点及行业 光伏组件行业）

1. @@了解熟悉##[K]所在区域（北京）的市场情况、并且每季度给出@@书面报告##[S]；
2. @@实现所在区域的销售任务和收款##[S]；
3. 完成公司@@老客户关系维护##[S]，@@开发新的客户##[S] ；@@维护所在区域主管政府部门关系##[S]（如：发改委）、五大/六小央企发电客",,,
8,朝鲜语中级,L,matched,http://data.europa.eu/esco/skill/f9bc2890-d1f2-4a83-bd7b-b150a7679c79,Korean,0.7685,676,威海华菱光电股份有限公司,技术支持工程师（韩语）,威海,韩语,"一、岗位职责：
①进行@@售前和售后技术支持工作##[S]。
②对客户进行@@技术指导##[S]。
③@@研究和解决产品应用技术问题##[S]。
④@@建立检测手段##[S]快速@@找到应用问题##[S]。
⑤@@编写技术支持手册##[S]。

二、任职资格：
本科以上学历，专业不限，电子信息类专业优先。

三、其他要求：
①@@韩语##[L]熟练，@@朝鲜语中级##[L]以上，@@口语交流##[",,,
9,韩语能作为工作语言,L,matched,http://data.europa.eu/esco/skill/f9bc2890-d1f2-4a83-bd7b-b150a7679c79,Korean,0.7494,824,珠海泰坦新动力电子有限公司,销售（韩语）,珠海,韩语,"岗位职责：
1、与客户@@沟通##[T]，了解客户的详细需求；
2、根据客户需求，@@制定自动化生产线的整线设计方案##[S]；
3、向客户@@介绍详细的设计方案及其优势##[S]；
4、@@吸收市场上最新的设备工艺及锂电池工艺##[S]；
5、不断@@传递信息##[T]引导研发设计有前景的设备；
6、项目运作中任何详细@@技术指导##[S]。
岗位要求：
1、本科以上学历，韩语相关、理工科等专业",,,
10,英语会话水平,L,matched,http://data.europa.eu/esco/skill/6d3edede-8951-4621-a835-e04323300fa0,English,0.681,1991,深圳市法本信息技术股份有限公司,汽车文案专员（英语+双休法定假+六险一金）,北京,"德语, 意大利语, 法语, 通用小语种","主要职责：
1、基于小鹏自研的系统工具，整体管理UI从@@中文##[L]到@@英文##[L]以及其它语言的@@翻译##[S]和@@校核流程##[S]
2、基于飞书系统工具，整体管理、实时更新小鹏汽车海外市场的@@专用术语表##[K]
3、负责与相关产研测团队对接，保证文本按时交付到@@翻译环节##[S]
4、负责与相关外部翻译公司对接，保证@@翻译##[S]与@@外部校核环节##[S]按时完成
5",,,
11,韩语精通,L,matched,http://data.europa.eu/esco/skill/f9bc2890-d1f2-4a83-bd7b-b150a7679c79,Korean,0.8012,693,SK新能源（江苏）有限公司,会计主管（韩语）,盐城,韩语,"岗位职责：
1. 负责公司收支原始凭证的@@审核##[S]，@@账务处理##[S]符合@@会计准则##[K]及公司规章制度；
2. 负责人工费用及其他各项预提费用的@@审核及管理##[S]；
3. 定制组织相关部门对固定资产及流动资产进行@@清查##[S]、@@核实##[S]，确保自查的准确性；
4. 组织外部专业机构@@编制年度审计报告##[S]及@@应对相关审计事项##[S]；
5. 定期组织",,,
12,俄语专八,L,matched,http://data.europa.eu/esco/skill/6891bbce-20bf-4afc-bd5e-75bdf54c0165,Russian,0.682,399,华贸铁路运营管理有限公司,铁路进口操作,重庆,俄语,"岗位职责：
1. 负责货物运输代理的日常铁路进口操作工作，包括订舱、货物追踪、单据收集整理、台账制作；
2. 负责经手业务的费用核对、账单制作、汇款跟踪等；
3. 货物运输过程中紧急事件的处理；
4. 完成领导安排的其他工作。


任职要求：
1. 统招本科及以上学历，@@英语6级##[L]及以上，或@@俄语专八##[L]及以上，国际贸易、物流管理等专业优先；
2. 具有铁路操作两年及以上经验；
",,,
13,日语听说读写能力（N1）,L,matched,http://data.europa.eu/esco/skill/39c675c4-af13-49db-bbed-cf762102f85e,Japanese,0.78,1664,上海索广映像有限公司,人事实习生(日语）(J10226),上海,日语,"工作职责:
1、协助参与@@人事激励政策、制度类相关方案策划##[S]等相关业务；
2、协助参与各项@@人力资源管理模块项目##[S]，如@@培训##[S]、@@敬业度调查##[S]、@@招聘##[S]等；
3、能充分理解@@企业文化使命愿景##[K]，参与@@企业文化理念的策划和宣传##[S]等相关业务；
4、协助参与@@人事相关数据的梳理、更新、分析##[S]等，为人事策划方案提供可参考依据；",,,
14,Fluent in Chinese and English,L,matched,http://data.europa.eu/esco/skill/1fe42b38-cd42-4fc7-ae77-14e4c9e96295,Chinese,0.7259,5128,江苏新泉汽车饰件股份有限公司,Sales,常州,德语,"www.macrodatas.cn    。1、@@Develop business growth in OEM customer (Current/New OEM)##[S]; 
2、@@Ensure the gross margin increasing on the existing business##[S]; 
3、@@Follow up the engineering change a",,,
15,日语口语水平,L,matched,http://data.europa.eu/esco/skill/39c675c4-af13-49db-bbed-cf762102f85e,Japanese,0.7636,2566,广汽丰田汽车有限公司,新车型质量工程师,广州,日语,"工作职责:
1、负责新车型项目上市前@@品质确保活动策划##[S]及@@监查运营##[S]，包括@@项目定位理解##[S]、@@品质目标设定##[S]、@@重点品质确保事项策定##[S]、《品质要望书》@@编制发行##[S]、@@过程进展监查##[S]等；
2、@@企划##[S]新车型上市前的@@车辆评价活动##[S]（含社外三高、智能座舱、新四化场景等），并快速@@对应指摘问题点##[S]直至完",,,
16,俄语精通,L,matched,http://data.europa.eu/esco/skill/6891bbce-20bf-4afc-bd5e-75bdf54c0165,Russian,0.8012,517,成都建筑材料工业设计研究院有限公司,俄语财务人员,成都,俄语,"岗位内容：
1. 负责@@财务数据的收集##[S]、@@整理##[S]和@@分析##[S]，确保@@账目的准确性##[S]；
2. @@编制财务报表##[S]并进行@@核对##[S]，包括@@资产负债表##[K]、@@利润表##[K]等各项报表；
3. 参与@@预算制定##[S]和@@执行##[S]，协助管理人员做好@@公司财务控制##[S]工作；
4. @@组织开展财务审核##[S]、@@内部审",,,
17,阿拉伯语翻译,L,matched,http://data.europa.eu/esco/skill/33859d93-987c-4caa-a0a9-6159ea7bbc2a,Arabic,0.7059,489,广东雄塑科技集团股份有限公司,阿拉伯语翻译/业务员,佛山,阿拉伯语,"小团队办公
@@阿拉伯语翻译##[L]，或主做阿拉伯市场@@外贸业务##[S]
任职要求：
1、@@出口业务信息笔译##[L]、@@口译##[L]；
2、负责所在市场的@@信息收集##[S]及@@分析##[S]；
3、国际市场的@@客户接洽##[S]、@@合同谈判##[S]；
岗位要求:：
1、流利的@@阿拉伯语##[L]、听说读写能力，基本的@@英语听说能力##[L];
2、良好的@@沟通##[",,,
18,韩语熟练,L,matched,http://data.europa.eu/esco/skill/f9bc2890-d1f2-4a83-bd7b-b150a7679c79,Korean,0.8044,222,深圳市裕同包装科技股份有限公司,韩语销售代表,烟台,韩语,"1、大专及其以上学历，@@韩语熟练##[L]，反应灵敏；
2、3年及其以上业务营销等相关工作经验 ，有包装行业经验者优先 ；
工作内容
1、@@跟进客户信息##[S]及@@导入##[S]；
2、根据客户需求，@@跟进厂区生产打样状况##[S]；
3、@@跟进客户出货##[S]及其@@货款回收##[S]；",,,
19,英语面试,L,matched,http://data.europa.eu/esco/skill/6d3edede-8951-4621-a835-e04323300fa0,English,0.599,2849,深圳市帝迈生物技术有限公司,海外销售代表/主管/经理-亚洲市场 (MJ000566),深圳,通用小语种,"其他福利：公司提供多条班车线路，方便日常通勤。
关键岗位要求：此岗位需要@@英语口语##[L]作为工作语言，熟悉亚洲地区（亚太或南亚或中东）的@@医疗行业市场情况##[K]，需要短期海外出差，具体负责区域与面试官协同确定。
注：面试将以@@英语面试##[L]为主。
-------------------------------------------------------------------",,,
20,六级英语,L,matched,http://data.europa.eu/esco/skill/6d3edede-8951-4621-a835-e04323300fa0,English,0.559,1521,江苏国泰国盛实业有限公司,管理培训生,苏州,通用小语种,"招聘要求：毕业两年内，本科或硕士学历，@@六级英语##[L]以上或其他语种同等水平，特殊优秀人员@@英语##[L]可放宽至四级，作为未来各方向骨干人才培养
年收入构成：基本工资+绩效奖金+管培生特殊津贴
第一年综合15万起
培养方向：
生产方向：@@版师##[S]、@@TD##[S]、@@IE##[S]、@@厂长助理##[S]、@@QC##[S]
业务方向：@@业务骨干##[S]、@@设计##[S",,,
21,日语语言基础,L,matched,http://data.europa.eu/esco/skill/39c675c4-af13-49db-bbed-cf762102f85e,Japanese,0.7689,996,东鹏饮料（集团）股份有限公司,商务专员,深圳,日语,"日语、英语翻译
工作内容：
1.熟练掌握@@日语##[L]，达到@@听、说、读、写、译##[L]全部熟练的水平，具备良好的@@语言表达能力##[L]和@@理解能力##[T]；
2.协助公司内部各项@@日文工作##[S]，包括但不限于@@商务洽谈##[S]、@@文件整理##[S]等；
3. 熟练掌握@@商务英语##[L]，用@@中英文##[L]进行清晰、准确、有效的@@口头和书面沟通##[T]。
4",,,
22,韩语/朝鲜语,L,matched,http://data.europa.eu/esco/skill/f9bc2890-d1f2-4a83-bd7b-b150a7679c79,Korean,0.7365,7,江西联创电子有限公司,技术支持岗（日语/韩语/英语）,合肥,"日语, 韩语","职责：
1、客户端（日本/韩国/欧美）@@问题点检讨##[S]&amp;对应及提供@@技术支持##[S]；
2、主导为客户进行@@方案设计##[S],对客户进行产品的@@技术引导##[S]和@@技术培训##[S],对客户进行产品的@@售后技术服务##[S]、@@市场引导##[S],将@@市场信息反馈##[S]给研发人员
要求：
1、本科学历，@@英语##[L]、@@韩语/朝鲜语##[L]、@@日语",,,
23,日语沟通表达能力,L,matched,http://data.europa.eu/esco/skill/39c675c4-af13-49db-bbed-cf762102f85e,Japanese,0.7978,3061,深圳市尚水智能股份有限公司,总经理助理（日语/英语）,深圳,日语,"【岗位职责】

1、提供@@初步筛选##[S]和处理来自内外部的@@电话、邮件和其他通信##[S]，确保信息传达到适当的人员。

2、@@管理日常行政工作##[S]，如@@文件管理##[S]、@@数据输入##[S]、@@档案维护##[S]和@@文书处理##[S]等。

3、@@协助安排会议、培训和活动##[S]，并负责@@预订场地##[S]、@@发送邀请函##[S]、@@准备会议资料##[S]和@",,,
24,阅读和理解英文技术文档,L,matched,http://data.europa.eu/esco/skill/7ee20fe2-facd-4cc5-837b-927429e0e7ac,understand written English,0.579,3137,宁波德昌科技有限公司,小家电结构工程师,宁波,通用小语种,"岗位职责：
1.负责小家电产品@@结构设计##[S]，包括@@零件建模##[S]、@@机构分析##[S]、@@出图##[S]等。
2.与模具供应商@@沟通产品模具设计及修改##[S]。
3.@@项目跟进##[S]，包括初期@@工艺分析##[S]、@@可制造性分析##[S]、后期@@制程异常点检及改进##[S]。
4.负责@@样品承认工作##[S]，新开发产品资料转交生产及相关部门。
5.完成上级安",,,
25,英语听说读写,L,matched,http://data.europa.eu/esco/skill/6d3edede-8951-4621-a835-e04323300fa0,English,0.696,290,温州市冠盛汽车零部件集团股份有限公司,物流总监(J10174),南京,通用小语种,"工作职责:
负责统筹国内外物流运输、物流规划、仓储、包装及全球关务管理 。具体内容如下：
1、战略规划：深入研究行业现状、客户需求、公司战略规划与年度经营目标，@@制定有竞争力的物流战略##[S]、@@年度工作规划##[S]和@@目标##[S]，并推进落实；
 2、物流规划：@@制定运输策略##[S]、@@仓储策略##[S]及@@包装策略##[S]，包括@@全球仓网布局##[S]、@@物流网络设计",,,
26,会计中级职称,L,no_match,custom:language/7137cff69e33,[CUSTOM] 会计中级职称 (self-defined),0.3077,4533,港中旅华贸国际物流股份有限公司,俄罗斯财务经理,哈尔滨,俄语,"1.岗位职责：
（1）根据总部颁布的财务制度，完善本公司@@财务管理制度与流程##[K]，并监督落实。
（2）编制本公司年度预算方案，跟踪本公司的财务状况、经营成果及现金流量情况，实施@@财务评价##[S]和@@控制##[S]。
（3）组织编制本公司定期财务报表，保证准确性和及时性；对本公司整体财务运行情况进行分析，做出书面报告。
（4）负责@@业务结算##[S]、@@账务处理##[S]等工作；负",,,
27,笔译服务,L,no_match,custom:language/7229185a27c1,[CUSTOM] 笔译服务 (self-defined),0.4557,3869,江苏南大光电材料股份有限公司,日语翻译,淄博,日语,"一、岗位职责：
负责公司外聘的日本专家（化工、电子特气方向）的随身@@日语口译##[L]、@@笔译服务##[L]，并负责上下班开车接送；
二、任职要求：
1、学历专业：本科及以上学历；@@日语相关专业##[L]；@@日语1级##[L]；具有@@日本留学##[L]或在日工作经验者优先；
2、年龄：25-35周岁；
3、工作经验：2年以上@@日语口译##[L]、@@笔译工作经验##[L]，流畅的@@日",,,
28,DALF-C1,L,no_match,custom:language/9e9b0f4e3a22,[CUSTOM] DALF-C1 (self-defined),0.2355,809,广东道氏技术股份有限公司,法语翻译,佛山,法语,"一、工作内容： 
1、工作岗位可根据自身经验/特长安排，可从事@@行政外联##[S]、@@采购##[S]、@@物流##[S]、@@商务谈判##[S]等各方面工作； 
2、@@行政外联##[S]/@@商务谈判##[S]：参加与国外客户的@@商业谈判##[S]、处理当地社会事务，参与国外@@政商关系的开拓与维系##[S]； 
3、@@采购物流##[S]：负责安排并协调@@进出口货物##[S]、协助@@",,,
29,英语六级证书,L,no_match,custom:language/ad79513ddcfc,[CUSTOM] 英语六级证书 (self-defined),0.4089,2861,益海嘉里英联马利食品（东莞）有限公司,外贸业务员,秦皇岛,西班牙语,"1.@@负责国际市场的维护##[S]以及@@新客户的开发##[S]；
2.@@负责掌握各潜在消费国市场动态##[S]并及时@@反馈市场信息##[S]，定期@@做出市场分析报告##[S]，确定后期@@销售策略##[S]；
3.@@负责与客户协商解决合同执行过程中出现的问题##[S]以及@@客户收货后的后续跟踪维护##[S]稳定良好的合作关系；
4.完成领导交办的其他工作。
岗位要求：
1.统招本科及",,,
30,日文翻译证书,L,no_match,custom:language/c591373cb0ac,[CUSTOM] 日文翻译证书 (self-defined),0.0,1151,安徽中盛溯源生物科技有限公司,日语翻译,合肥,日语,"岗位职责
1、负责市场文案资料的翻译、整理、编辑;
2、撰写公司宣发内容资讯、文章、PPT等文案，检索及查阅文献:
3、定期阅读、浏览细胞行业相关期刊或网站，及时掌握负责领域的学术动态;
4、微信公众号、官网等软文撰写，编辑，推送;
5、上级安排的其他工作。
任职要求：
1、日文专业本科及以上学历；
2、1年以上的日文医药领域翻译经验。
3、持有@@日文翻译证书##[L]，如@@日本语能力测试N1",,,
31,中泰语,L,no_match,custom:language/a6df8287828e,[CUSTOM] 中泰语 (self-defined),0.0,2830,广东喜珍电路科技有限公司,行政科长/主管（出差泰国）,肇庆,泰语,"岗位职责：
1、负责行政日常事务工作管理及人员管理
2、按行政中心的工作部署，负责基地的落地执行
3、建立行政文件体系
4、负责行政外包项目的现场监督管理，负责安全、环保的监管
岗位要求：
1、国籍不限、性别不限
2、语言要求：懂@@中泰语##[L]（语言、书面）优先考虑
3、学历：大专或以上学历
4、工作经验：5年以上行政安全管理经验，3年以上同岗管理经验
技能要求：熟悉@@泰国劳工、安全、环保",,,
32,书面和口语能力,L,no_match,custom:language/e644a9cba41a,[CUSTOM] 书面和口语能力 (self-defined),0.0,1494,添可智能科技有限公司,海外服务专员 (MJ002182),苏州,通用小语种,"岗位职责：
1、@@参与海外维修和翻新中心、物流服务商的建立##[S]；
2、@@管理和清退海外服务商##[S]；
3、@@收集海外服务数据##[S]、@@统计分析##[S]和@@监控服务质量##[S]；
4、@@支持海外服务商费用结算##[S]；
5、完成领导交办的其他工作任务。
岗位要求：
1、本科及以上学历，@@英语##[L]或小语种相关专业；
2、有@@海外售后服务商管理##[S]、@@海",,,
33,双语,L,no_match,custom:language/07489c0d6e2e,[CUSTOM] 双语 (self-defined),0.0,2270,宁波容百新能源科技股份有限公司,成本预算主管(外派)(J10909),宁波,通用小语种,"工作职责:
1.每月进行@@库存盘点##[S]并@@出具盘点报告##[S]
2.完成@@成本核算##[S]，并对成本进行@@预实分析##[S]，跟进@@成本降低方案##[S]的落地
3.每周/每月进行@@利润预测##[S]，不断提高@@利润预测的准确性##[S]
4.编制@@年度预算##[S]，跟进公司的@@独立核算目标##[K]的完成
5.中韩@@外部审计##[S]应对
任职资格:
1.本科及以",,,
34,韩语TOPIK5级,L,no_match,custom:language/9f0d0acea2e8,[CUSTOM] 韩语TOPIK5级 (self-defined),0.4656,4771,盛美半导体设备（上海）股份有限公司,机械结构工程师（会韩语）,上海,韩语,"岗位职责:
1. 参与公司半导体设备类的项目设计,同时遵守设计规则，按时完成任务交付
2. 根据任务安排,完成设计任务，完成@@3D&2D图纸##[S],并发布文档到生产
3. 通过与经验丰富的工程师合作,分析和评估各个功能的设计方案可行性，
4. 具有独立设计和独立实验的能力，并能积极参与理论分析、实验，根据结果不断优化设计方向。
5. 新开发的功能需要与资深工程师、测试工程师和供应商一起进行设",,,
35,中日双语翻译,L,no_match,custom:language/113dae20c922,[CUSTOM] 中日双语翻译 (self-defined),0.0,2065,北京中外翻译咨询有限公司,日语翻译,北京,"日语, 通用小语种","岗位职责：
1. 负责接听和@@翻译##[S]指定平台上的服务热线电话，解答客户咨询，并处理相关事宜；
2. 可对客户的要求进行@@归纳总结##[S]，完成客户需求；
3. 处理笔译文件，包括@@翻译##[S]、@@审校##[S]、@@质检##[S]等任务；
4. 执行上级交给的其他任务。


任职要求：
1. 具备一定的@@日语听说读写能力##[L]，听力口语能力优秀，可以使用@@日语##[L]",,,
36,商务英语证书,L,no_match,custom:language/de3cdb63bac7,[CUSTOM] 商务英语证书 (self-defined),0.4613,4957,仙乐健康科技股份有限公司,销售项目管理（海外客户）,汕头,"俄语, 德语, 意大利语, 法语, 西班牙语","1、对接国外销售经理，包括但不限于充分@@理解客户需求##[S]，@@推动内部支持部门进行项目开发##[S]。
2、按照客户要求@@安排报价以及寄送样品##[S]，并及时跟进到确认。
3、能@@灵活应变##[T]，@@高效组织##[T]，@@快速响应##[T]，确保项目按时落地，完成销售目标。
4、@@组织双方或多方会议##[S]，包括业务经理、客户以及内部同事，有条理@@安排会议内容##[S]，",,,
37,韩语翻译证书,L,no_match,custom:language/2ddf45f55ac6,[CUSTOM] 韩语翻译证书 (self-defined),0.0,360,南京奥联汽车电子电器股份有限公司,韩语翻译,北京,韩语,"【工作内容】
- 负责韩国客户会议现场@@同声翻译##[S]
【任职要求】
- 具备良好的@@韩语##[L]听、说、读、写能力，有较高的@@翻译技巧##[S]和@@专业素养##[T]；
- 拥有@@韩语翻译证书##[L]者优先考虑；
- 熟悉@@商务沟通##[T]和@@文档撰写##[S]，具备较强的@@语言组织能力##[T]和@@逻辑思维能力##[T]；
- 工作认真负责，具有良好的@@团队合作精",,,
38,西语听说读写能力,L,no_match,custom:language/77698f1af711,[CUSTOM] 西语听说读写能力 (self-defined),0.0,870,杭州联德精密机械股份有限公司,西班牙语翻译,杭州,西班牙语,"1、承担我司业务相关的的@@翻译工作##[S]，配合完成各类@@西班牙语翻译需求##[S]；
2、协助项目团队的@@西班牙语支持需求##[S]； 3、@@口语流利##[S]，@@沟通能力强##[T]
岗位要求:
1、本科及以上学历，具备@@西语等级证书##[L]，流利的@@西语听说读写能力##[L]以及@@英语能力##[L]，精通@@英西互译##[S]，@@笔译口译能力强##[S]；
2、工作认真",,,
39,CATTI笔译二级,L,no_match,custom:language/ee3ab728b992,[CUSTOM] CATTI笔译二级 (self-defined),0.3941,326,北京中外翻译咨询有限公司,英语翻译（审校岗）,北京,通用小语种,"岗位职责：
1.@@翻译项目流程及质量管控##[S]，@@完善质量标准##[S]；
2.为内部和外部翻译交付内容做@@质控##[S]，保证交付质量；
3.负责向项目经理提供译员翻译质量的反馈；
4.负责@@管理术语表##[S]和@@TM##[S]；
5.参与@@制定可译性指南##[S]、@@翻译风格手册##[S]、@@维护自动检测规则##[S]；
6.为团队其他成员提供@@语言质量培训##[S]；",,,
40,泰文,L,no_match,custom:language/da5d5faa4be0,[CUSTOM] 泰文 (self-defined),0.3752,497,南通超达装备股份有限公司,项目助理（泰语）,南通,泰语,"1、泰籍人员
2、项目过程中@@泰文##[L]中文场陪同@@翻译##[S]； 
3、公司书信及文件的@@翻译##[S]工作； 
4、公司重要@@会议纪录##[K]及纪要的@@整理##[S]； 
5、公司内部@@沟通##[T]、@@信息追踪##[S]、传达领导的各项旨意； 
6、领导交办工作的@@督办##[S]、@@协调##[S]及@@落实##[S]。",,,
41,全国翻译资格水平考试3级口译及以上证书,L,no_match,custom:language/066bd07647a3,[CUSTOM] 全国翻译资格水平考试3级口译及以上证书 (self-defined),0.4437,1896,连云港金辰实业有限公司,法语翻译（连云港、南京）,连云港,法语,"任职资格要求
1、学历：全日制大学本科及以上学历，
2、专业：@@法语专业四级及以上证书##[L]，具备以下条件之一者优先：
1）@@专业八级##[L]；2）@@全国翻译资格水平考试3级口译及以上证书##[L]；3）有军队院校服务保障经历。
岗位职责：
负责外籍留学生日常管理、生活保障等@@翻译服务##[S]， 包括外籍留学生引导教育、外出参观、看病就医等@@翻译保障任务##[S]，以及单位领导交",,,
42,期货从业资格考试,L,no_match,custom:language/f99fdde3d92a,[CUSTOM] 期货从业资格考试 (self-defined),0.2928,395,华泰期货有限公司,互联网营销岗,广州,泰语,"岗位职责：
1、为零售客户提供高效优质的服务，增加客户粘性，持续提升客户的贡献度；
2、负责互联网引流潜在客户的转化，促成开户与入金交易 ；
3、负责零售客户投资者教育与社群运营；
4、对客户转化及留存等指标负责；
5、协助完成上级安排工作。
 岗位要求：
1、本科及以上学历，金融、财务、营销等相关专业的应届生，具有金融行业客户开拓及维护服务经验者优先；
2、遵从华泰文化价值观，敬业爱岗，具有良好",,,
43,柬埔寨语,L,no_match,custom:language/882dc01505e1,[CUSTOM] 柬埔寨语 (self-defined),0.0,119,浙江大华技术股份有限公司,【海外营销中心】2024届海外销售管培生（小语种）(J19575),杭州,"印尼语, 土耳其语, 德语, 柬埔寨语, 泰语, 葡萄牙语, 通用小语种","工作职责: 
1、深入了解当地市场，与海外客户面对面@@沟通交流##[T]； 
2、@@维系老客户##[S]，@@开拓海外新市场##[S]； 
3、@@策划市场活动##[S]，提升海外本地品牌影响力； 
4、@@收集、分析客户信息##[S]，及时@@提交各类分析报告##[S]等。 
任职资格: 
1、本科及以上学历，@@柬埔寨语##[L]、@@葡语##[L]、@@泰语##[L]、@@土耳其语##[",,,
44,泰语听说读写能力,L,no_match,custom:language/c43b75e9e3a4,[CUSTOM] 泰语听说读写能力 (self-defined),0.0,442,武汉华工新高理电子有限公司,泰语销售助理,武汉,泰语,"岗位职责：
1、负责与泰国工厂的@@日常沟通##[S]，确保信息准确无误的传达；
2、协助处理泰国工厂所需物料的@@采购##[S]、@@运输##[S]及@@清关事宜##[S]；
3、使用@@泰语##[L]进行邮件、电话等@@商务沟通##[S]，@@解决物流过程中出现的问题##[S]，@@跟踪物料发货进度##[S]，确保按时按量到达目的地；
4、@@维护与泰国客户的关系##[S]，及时反馈客户需求。",,,
45,电焊作业证,L,no_match,custom:language/0dacdb2de619,[CUSTOM] 电焊作业证 (self-defined),0.2439,2248,上海凯士比泵有限公司,现场服务工程师(J10697),,通用小语种,"工作职责:
1. Comply with company rules and regulations, safety rules and on-site service specifications; Maintain company interests
 遵守公司规章制度、安全准则和现场服务规范，维护公司利益；
2. Provide on-site service to customers ac",,,
46,口语、书面表达能力,L,no_match,custom:language/395b1031ca39,[CUSTOM] 口语、书面表达能力 (self-defined),0.0,2023,深圳市新嘉拓自动化技术有限公司,海外项目技术翻译/多语种,肇庆,通用小语种,"岗位职责：
负责公司涉外项目的@@翻译工作##[S]，包括@@口译##[S]，@@撰写、审核、翻译、校对##[S]等工作。
主要职责：
- 负责公司涉外项目的@@翻译工作##[S]，确保项目的顺利进行；
- @@撰写项目相关的翻译文件##[S]，包括合同、产品描述、广告等；
- @@审核翻译文件##[S]，确保翻译质量符合要求；
- @@完成项目相关的翻译工作##[S]，包括把中文文档翻译成英文（",,,
47,小语种资格证书,L,no_match,custom:language/28743c838b97,[CUSTOM] 小语种资格证书 (self-defined),0.4089,1173,万得信息技术股份有限公司,金融数据分析员（DB0001）,扬州,通用小语种,"岗位职责：
1. 从事全球金融、经济相关数据的深度@@采集##[S]和@@挖掘##[S]工作，对数据进行@@采集##[S]、@@清洗##[S]和@@录入##[S]，为国内外客户提供***的金融数据； 
2. @@整合多种来源和不同格式的数据##[S]，@@甄别数据的真伪和质量##[S]，@@分析数据间的联系##[S]，@@挖掘数据背后潜在的价值##[S]； 
3. 参与@@设计数据加工工艺和流程改",,,
48,英语水平考试（如CET-4/6）,L,no_match,custom:language/0e4162fce409,[CUSTOM] 英语水平考试（如CET-4/6） (self-defined),0.4483,626,深圳市新嘉拓自动化技术有限公司,外贸翻译,肇庆,通用小语种,"工作内容：
负责公司涉外项目的@@翻译工作##[S]，包括@@口译##[S]，@@撰写##[S]、@@审核##[S]、@@翻译##[S]、@@校对##[S]等工作。
主要职责：
- 负责公司涉外项目的@@翻译工作##[S]，确保项目的顺利进行；
- @@撰写项目相关的翻译文件##[S]，包括合同、产品描述、广告等；
- @@审核翻译文件##[S]，确保翻译质量符合要求；
- 完成项目相关的@@翻译",,,
49,CISP,L,no_match,custom:language/cf19a4f4c727,[CUSTOM] CISP (self-defined),0.2223,2283,长安福特汽车有限公司,高级合规专员,重庆,通用小语种,"【职位职责描述】
负责对接企业@@数据安全与合规##[K]相关工作，确保企业生产研发、企业运营管理、用户服务等业务活动符合国内以及出口国家关于@@数据安全相关技术要求##[K]、@@法律和监管要求##[K]。
【主要工作内容】
1.充分理解车企业务和相关服务，以及各类@@数据安全技术##[K]在车企的应用场景；
2.全面参与@@数据合规##[K]相关工作，确保各项业务活动的@@数据控制##[S]、",,,
50,泰语较强,L,no_match,custom:language/1212733dc741,[CUSTOM] 泰语较强 (self-defined),0.0,278,浙江比依电器股份有限公司,泰国公司HR专业,宁波,泰语,"工作内容：
公司位于泰国，是一家跨国公司，主要业务为软件开发和网络技术服务。现因业务拓展需要，特招聘人力资源专业人员，期望能够胜任公司人力资源管理的各项工作，包括但不限于@@招聘##[S]、@@员工培训##[S]、@@绩效评估##[S]、@@薪酬福利##[S]等方面的工作。
主要职责：
- 根据公司战略规划，@@制定人力资源策略##[S]，确保公司人力资源的有效支持；
- 负责公司@@招聘工作##",,,
51,ISO9001质量体系内审员资格,K,matched,http://data.europa.eu/esco/skill/8d4271ca-c9fd-40b3-875f-15f78332a49e,quality standards,0.631,732,广东明阳新能源材料科技有限公司,供应商质量工程师（SQE）,中山,通用小语种,"职责描述： 
1、负责叶片原材料供应商质量方面的管理；制定与叶片原材料相关的质量标准和质量记录；培训各叶片生产基地关于供应商和原材料管理方面的要求和知识。 
2、主导和汇总供应商月度、季度、年度的质量考核工作，编制年审计划和完成相关报告。 
3、参与采购部、技术室对新供应商和老供应商的现场评审验厂（含年度评审验厂）工作，并完成相关报告。 
4、负责制定和更新新老原材料的《检验标准》《进厂检验记录卡",,,
52,加工工艺和装配工艺,K,matched,http://data.europa.eu/esco/skill/6078e099-7696-44a5-b3c1-452b9abe886a,production engineering,0.7714,2889,苏州赛腾精密电子股份有限公司,机械工程师,苏州,日语,"1、负责PCB曝光机或者半导体行业的自动化设备的@@研发和设计##[S]相关工作，包括@@方案设计##[S]、@@细化结构设计##[S]、@@标准件选型##[S]，@@BOM图纸##[S]、@@气动原理图##[S]等相关工作；
2、负责@@编制装配作业指导书##[S]，@@处理生产过程中的问题##[S]跟进处理工作；
3、@@识别设计项目中的技术难点和风险点##[S]并展开@@技术专项研究##[S",,,
53,项目问题和风险,K,matched,http://data.europa.eu/esco/skill/6eff134b-e34f-4d6e-a6e8-5e47cf2228d0,risk management,0.621,1432,华翔金属科技股份有限公司,项目经理,长春,日语,"建立@@项目团队##[S]，根据项目需求组织开展相关工作；
制定@@项目进度计划##[S]和@@项目预算##[S]；
确保项目开发进度、产品质量、财务目标的完成；
确保项目各阶段任务的执行及目标的实现；
负责客户技术、质量等要求的@@沟通##[T]及收集，正确传递项目小组成员，监督执行情况；
识别@@项目问题和风险##[K]，制定@@行动计划##[S]并监督完成情况；
建立良好的@@客户关系##[",,,
54,语音识别,K,matched,http://data.europa.eu/esco/skill/2af29864-c941-40a5-ae7b-2b6c4b92c0d7,speech recognition,0.675,24,深圳和而泰智能控制股份有限公司,嵌入式算法总监,深圳,通用小语种,"职位：嵌入式AI研究所所长（70%专业+30%管理）-研究院，深圳光明
汇报对象：技术研究院 院长
下属团队：30人左右

职位描述: 我们正在寻找一位经验丰富且充满激情的嵌入式AI研究所所长，专注于@@人机交互（HMI）##[K]以及冰箱、空调、洗衣机等家电相关的@@AI技术##[K]。该职位将负责@@团队建设##[T]、@@技术研发##[S]、@@项目管理##[S]以及@@新业务创新##[S]",,,
55,操作标准,K,matched,http://data.europa.eu/esco/skill/8d4271ca-c9fd-40b3-875f-15f78332a49e,quality standards,0.69,2319,深圳市星源材质科技股份有限公司,工艺技术员,佛山,通用小语种,"岗位职责：
1.相应区域@@技术点检##[S]、@@工艺和产品质量监督##[S]，及时发现现场问题；
2.相应区域@@质量标准##[K]、@@工艺标准##[K]、@@操作标准##[K]的@@制定##[S]、@@修改##[S]及@@监督执行##[S]；
3.相应区域@@设备有效利用率##[K]、@@收得率##[K]、@@合格率##[K]及影响因素等@@工艺技术分析##[S]；
4.对相应区域的@@设",,,
56,模具开发过程管理,K,matched,http://data.europa.eu/esco/skill/72a74f69-5cf1-43c5-99b9-62a444578919,engineering processes,0.7453,2005,宁波均源塑胶科技有限公司,模具项目工程师（汽车内饰）,宁波,通用小语种,"1. Education教育背景：具有本科以上学历，机械设计、模具设计与制造或模具制造及相关专业；
Work experience工作经验：模具行业5年以上开发经验，模具设计3年以上经验或模具项目管理3年以上经验，汽车零部件模具开发跟踪工作经验3年以上经验；
Professional knowledge and skills专业知识与技能：熟悉@@塑料模具设计原理##[K]及@@模具加工制造工艺#",,,
57,制程能力,K,matched,http://data.europa.eu/esco/skill/69f0167e-75d9-46cf-847f-72a592880ebb,STAF,0.7013,4204,陕西生益科技有限公司,工艺工程师,咸阳,日语,"一、岗位主要职责：
◆ 负责@@建立并完善制程工艺技术参数标准##[S]。
◆ 负责对@@工艺质量问题##[K]的@@分析和处理##[S]工作
◆ 负责@@实施产品的生产化工作##[S]。
◆ 承担总厂关键核心基础@@制造工艺技术和方法##[K]的@@研究开发应用##[S]或@@工艺结构性问题的分析改善##[S]项目。
◆ 负责对@@制程能力##[K]进行@@分析与改进##[S]。
◆ @@组织实",,,
58,翻译,K,matched,http://data.europa.eu/esco/skill/933efc5f-a797-4581-8a8b-c08956ff7d58,Grovo,0.8058,499,肇庆铭利达科技有限公司,匈牙利语翻译,肇庆,"匈牙利语, 通用小语种","岗位职责：
1.@@口译服务##[S]：提供高质量的@@口译服务##[S]，包括在重要的外交会议、活动和商务谈判中实时@@翻译##[S]中文和@@匈牙利语##[L]。
2.@@文件翻译##[S]：@@翻译##[S]各种文件，包括官方通信、报告和法律文本等，确保信息的准确性和保密性。
3.@@会议准备##[S]：协助外交官和使馆工作人员准备会议，提前@@翻译##[S]文件、演讲稿和其他材料。
4.@",,,
59,APQP和 PPAP和质量准则,K,matched,http://data.europa.eu/esco/skill/8d4271ca-c9fd-40b3-875f-15f78332a49e,quality standards,0.56,211,深圳佛吉亚汽车部件有限公司,SQE供应商质量工程师,汕尾,通用小语种,"主要职责Essential responsibilities and duties: 
?	供应商质量工程师负责发展供应商QCD绩效，并协助量产采购员组织和跟踪关键供应商的质量体系和绩效。The Supplier Quality Development Engineer is in charge of developing supplier QCD performance for a define",,,
60,算法基础,K,matched,http://data.europa.eu/esco/skill/54924a2c-daca-40d3-9716-4b38ceb04f38,algorithms,0.7676,1793,北京鸿盈信息技术有限公司,安全大模型架构师-L5812X,北京,通用小语种,"职位详情： 
1、﻿﻿负责安全行业大模型应用工程技术落地，包括 @@Al Agent##[S]、@@Prompt 工程##[S]、@@RLHF研究##[S]和实现等； 
2、负责@@制定相应的技术方案##[S]和规划，负责相关产品的@@服务设计##[S]/@@实现##[S]/@@运维##[S]，包括@@私有化##[S]和@@SaaS化实施部署##[S]； 
3、负责核心技术问题的@@攻关##[S]",,,
61,项目管理的运用技巧,K,matched,http://data.europa.eu/esco/skill/94dd823c-148e-4614-a6e8-99249b16357d,ICT project management,0.7458,254,深圳前海科珀实业有限公司,高级投资经理（选矿）,北京,西班牙语,"岗位职责：

1、对拟并购项目进行@@初步技术考察##[S]，明确分析@@选矿技术风险##[S]，提出建议，@@撰写初步评价报告##[S]； 
2、开展@@选矿尽职调查##[S]工作（包含案头尽职调查和现场尽职调查）。@@审阅相关选矿专业资料##[S]，@@评价选冶生产工艺##[S]，@@对比分析历史数据##[S]，@@分析设备情况##[S]、成本等为估值提供参数； 
3、在已引入技术中介的项目中",,,
62,学习了解产品知识,K,matched,http://data.europa.eu/esco/skill/d6d3fee7-47e2-47f4-a0ec-6c75f28c6abd,product comprehension,0.7,5052,中山市木林森照明有限公司,海外销售经理,中山,"俄语, 德语, 西班牙语, 通用小语种, 阿拉伯语","岗位职责：
1、开展@@外贸业务##[S]，拓展@@海外市场##[S]，@@开发国外客户资源##[S]；
2、@@学习了解产品知识##[K]，并@@了解客户需求##[S]，主动联系客户及时有效的与客户@@沟通##[T]并达成@@订单##[S]，@@跟踪订单进度##[S]，@@处理订单过程中的异常问题##[S]，
3、及时@@了解市场情况##[S]，@@制定销售方案##[S]； 
4、定期与客户进行",,,
63,项目品质管理,K,matched,http://data.europa.eu/esco/skill/94dd823c-148e-4614-a6e8-99249b16357d,ICT project management,0.7139,561,歌尔股份有限公司,项目品质管理岗（英语/日语）,潍坊,日语,"岗位职责：
1、@@制定产品质量目标##[S]，组织质量各领域@@制定项目质量策划##[S]，指导和监督团队正确执行，保障@@质量绩效##[K]的达成；
2、@@建立并维护产品及项目质量管理##[S]；履历，负责@@产品质量问题改善验证##[S]和@@经验总结##[S]，推动@@质量改进活动##[S]的开展，改进@@产品质量##[K]
3、@@识别项目管理过程中的质量风险##[S]，追踪@@风险预",,,
64,谷歌广告投放,K,matched,http://data.europa.eu/esco/skill/750f86d2-18be-4015-84b1-d4a26d9b2d88,online ads campaign techniques,0.525,1753,上海英同电气有限公司,外贸运营,上海,通用小语种,"1. 以谷歌独立站为主，负责公司线上外贸渠道的基本运营，包括但不仅限于：@@内容上下架维护##[S]、@@询盘讯息管理##[S]、@@搜索引擎优化##[S]、@@广告投放策略##[S]等；
2. 参与制定公司外贸业务流的成型优化，对结果负责，从流量到询盘、最终到成交，不断在各个环节提升漏斗转化率，提高外贸业务的投入产出比；
3. 负责公司外贸业务代理商的管理，参与商务沟通过程，执行外贸代理合同的@",,,
65,半导体封装的质量标准和规范,K,matched,http://data.europa.eu/esco/skill/8d4271ca-c9fd-40b3-875f-15f78332a49e,quality standards,0.56,1755,苏州旭创科技有限公司,DA&WB 岗位Leader,苏州,泰语,"1、半导体、微电子、电子工程或相关领域的本科及以上学历。
2、具有Die bonding&Wire bonding工艺的实际操作经验，熟悉半导体封装领域的其他工艺，能够熟练操作Datacon/ASM photopn pro/Amicra或ASM AREO等设备，两年以上工艺工作经验，光通信行业优先。
3、具备@@英语##[L]沟通或@@泰语##[L]沟通能力优先考虑。
4、熟悉@@半导体封装的质量",,,
66,品质管控工具,K,matched,http://data.europa.eu/esco/skill/8d4271ca-c9fd-40b3-875f-15f78332a49e,quality standards,0.722,2304,深圳市银宝山新科技股份有限公司,品质部长,东莞,日语,"岗位职责：
1、根据公司质量方针和质量目标，@@建立健全质量管理体系##[S]，并@@主导品质团队的建设##[S]；
2、负责NPI流程中@@品质标准的导入##[S]、@@产品CTQ识别##[S]、@@控制计划的制订实施##[S]，产品以及内外部制程的@@认可##[S]；
3、负责@@体系及作业文件的梳理##[S]、@@完善与执行监督##[S]；
4、负责@@产品质量异常的原因分析##[S]、@@",,,
67,法律基础知识,K,matched,http://data.europa.eu/esco/skill/06f46a6e-62d3-4ca0-bedb-cb4c021c14ee,legal studies,0.7431,1563,常州市建筑科学研究院集团股份有限公司,投资并购经理,常州,通用小语种,"岗位信息：此岗位属于集团战略投资部招聘所用；

岗位职责：
1、市场与行业研究：@@深入分析检测认证行业的市场动态、竞争格局及潜在并购机会##[S]，@@制定并购策略##[S]和@@目标公司筛选标准##[S]。
2、目标公司筛选与评估：@@识别并筛选符合公司战略发展需求的潜在并购目标##[S]，进行@@初步评估分析##[S]。
3、尽职调查：@@组织并领导专业团队对目标公司进行全面深入的尽职调查#",,,
68,热水类,K,matched,http://data.europa.eu/esco/skill/debd4fe7-58c9-499e-8a7e-b42984afe728,distribution of heating cooling and hot water,0.557,3599,广东万和电气有限公司,海外营销区域经理 (MJ001048),佛山,通用小语种,"岗位职责：
1.@@制定并执行海外市场品牌策略##[S]，@@建立品牌形象##[S]、@@维护品牌形象##[S]，进行@@品牌推广##[S]；
2.@@制定营销策略##[S]，@@协助商务谈判##[S]，@@调研市场##[S]，@@分析竞争对手##[S]和@@目标市场##[S]，@@管理海外市场的渠道布局##[S]和@@营销##[S]。
3.@@收集市场营销资料##[S]，支持公司决策，@@定期汇",,,
69,物流政策,K,matched,http://data.europa.eu/esco/skill/e843973c-23dd-416a-8a9c-9e89512542fb,logistics,0.7529,2228,侨益物流股份有限公司,综合物流经理,广州,通用小语种,"岗位要求：
1、针对大宗商品供应链业务需求，@@搭建海外物流服务##[S](@@运输##[S]、@@仓储##[S]、@@清关##[S]等)； 2、深入海外一线@@开发物流资源##[S]，充分了解当地@@物流市场##[K]、@@物流路径##[K]、@@物流政策##[K]，负责所在区域@@物流渠道开发##[S]和@@物流服务##[S]等组织工作，；
3、@@设计有竞争力的物流方案##[S]，将其产品化",,,
70,康复行业相关经验,K,matched,http://data.europa.eu/esco/skill/87669743-a291-4ea0-9a50-cac60d45649c,rehabilitation,0.643,1947,江苏力合智能制造产业园发展有限公司,网络运营（康宝医疗）,镇江,"德语, 法语","岗位职责：
1、负责公司网站、电商平台的@@日常运营##[S]，@@优化店铺布局##[S]和@@商品展示##[S]，@@提升用户体验##[S]；
2、@@策划和执行线上促销活动##[S]，@@提升品牌知名度##[S]和@@销售转化率##[S]；
3、负责@@平台销售数据分析##[S]与@@监控##[S]，根据市场反馈及时@@调整运营策略##[S]；
4、@@运营网络广告投放##[S]，尤其针对欧洲",,,
71,国际贸易基本情况和法律法规,K,matched,http://data.europa.eu/esco/skill/9db1c890-581b-4ca0-bce4-7f3f7540ea99,trading law,0.646,1003,晶科能源股份有限公司,采购高级专员,太原,阿拉伯语,"工作内容：
- 熟悉@@基础采购知识##[K]，了解@@采购流程##[K]，以及@@国际贸易基本情况和法律法规##[K]；
- 熟练使用@@Office办公软件##[S]；
- 负责沙特阿拉伯进行@@采购工作##[S]，需要流利使用@@阿拉伯语##[L]及@@英语##[L]进行@@沟通##[S]；
- @@调研市场供应商##[S]，进行@@采购谈判##[S]，@@制定采购合同##[S]，处理退款/",,,
72,项目管理工具,K,matched,http://data.europa.eu/esco/skill/94dd823c-148e-4614-a6e8-99249b16357d,ICT project management,0.804,1992,广东格林精密部件股份有限公司,项目经理,惠州,越南语,"任职资格：
学历/专业：
本科以上学历（优秀者可放宽为大专以上学历）/机械类（包含机电、机制、模具等）、管理类
工作年限：
5年以上。
工作技能：
1、熟悉@@项目管理工具##[K]；
2、熟悉@@生产工艺及流程##[K]；
3、熟悉@@PRO-E##[S]或@@UG##[S]、@@AotoCAD##[S]、@@Office##[S]等软件的操作；
4、@@组织和协调能力##[T]强，具有良好的@",,,
73,数据分析,K,matched,http://data.europa.eu/esco/skill/fecf8a0d-62c4-4e71-9b03-0f4fc2ad7bf5,data models,0.7897,2522,深圳大然新能源技术有限公司,亚马逊运营日本站,深圳,日语,"工作内容：
负责亚马逊日本站的运营工作，包括@@商品上架##[S]、@@店铺推广##[S]、@@物流配送##[S]、@@售后服务##[S]等，以提高销售额和客户满意度。
主要职责：
- 负责亚马逊日本站的日常运营，包括@@商品上架##[S]、@@编辑##[S]、@@删除##[S]和 是解决一切问题的关键商品；
- @@制定有效的店铺推广策略##[S]，包括但不仅限于：@@自然搜索##[S]、@@广",,,
74,金属学,K,matched,http://data.europa.eu/esco/skill/5b0a8b4d-7c71-43b1-8e52-4c0cfacd7bbd,metallurgy,0.561,3011,广汽零部件有限公司,机械工程师,广州,日语,"工作内容：
我们正在寻找一位机械工程师，负责开发和设计各类机械设备，确保设备的正常运行和可靠性。职位的主要职责包括：
- @@设计和评估机械设备##[S]，以确保它们符合我们的业务需求和标准。
- @@选择并使用合适的材料和工艺##[S]，满足设备的要求。
- 进行机械设备的@@组装##[S]、@@测试##[S]和@@调试##[S]工作。
- 主要进行@@3D设计##[S]和@@2D图纸拆解##[",,,
75,数据加工规则,K,matched,http://data.europa.eu/esco/skill/48db96bf-3314-45c6-bad8-fdb6e20e5639,data engineering,0.7169,2869,万得信息技术股份有限公司,金融数据助理分析员（DB0001 ）,南京,通用小语种,"工作职责：
1、负责全球金融、经济相关的@@数据采集##[S]、@@清洗##[S]、@@审核##[S]、@@质检##[S]等数据相关工作；
2、负责@@数据加工规则##[K]、@@流程##[K]和@@加工生产系统的改进##[S]，持续提升数据生产的质量和效率；
3、负责纵向深度@@挖掘公司既有数据的潜在价值##[S]，@@分析不同数据之间的内在联系##[S]，@@跨领域整合数据##[S]从而获得新",,,
76,市场敏感度,K,no_match,custom:knowledge/859cc331b3e4,[CUSTOM] 市场敏感度 (self-defined),0.0,3631,广东东方精工科技股份有限公司,海外销售经理（周末双休）,佛山,"俄语, 西班牙语, 通用小语种","工作内容：
1、负责区域内潜在客户的@@开拓##[S]、@@拜访##[S]、@@业务谈判##[S]、@@合同签订##[S]，保证@@销售任务##[S]的达成；
2、负责合同签订后@@货款的跟进##[S]以及@@应收货款回收##[S]，保证达成@@应收款收款目标##[S]；
3、负责每季度收集一次该区域内@@竞争对手信息##[K]、@@情报收集##[S]；
4、根据客户来访信息，@@策划并安排来访#",,,
77,施工特点,K,no_match,custom:knowledge/135cb3cdba25,[CUSTOM] 施工特点 (self-defined),0.0,4017,无锡先导智能装备股份有限公司,海外规划,无锡,通用小语种,"工作职责：
1、积极主动和客户交流，根据客户需求，规划初版方案并不断优化，直至布局冻结；
2、积极和客户进行品牌、配置、技术风险等偏离与澄清说明，并形成会议纪要；
3、内部方案评审阶段，完整、准确向各负责业务模块（机械、电气、软件、项目、工程）阐述方案、技术难点以及风险点，形成最终解决方案；
4、积极了解竞争对手方案，进行方案对比，结合自身实际技术情况，形成有竞争优势的投标方案；
5、根据投标方案",,,
78,操作惯例,K,no_match,custom:knowledge/e76d4fdf26da,[CUSTOM] 操作惯例 (self-defined),0.0,1959,广东光华科技股份有限公司,海外销售经理,广州,"日语, 韩语","1、根据公司发展战略，参与@@制定海外销售市场销售策略##[S]，并对@@海外市场拓展##[S]进行策划和实施。
2、根据公司海外销售市场销售策略，@@开拓海外市场##[S]，扩大产品海外市场的占有率。
3、组织建立与维护客户关系，保持与客户的@@有效沟通##[T]及联系，促进@@客户业务谈判##[S]及成交。
4、整合国内外资源，@@分析进出口数据##[S]，深入@@海外市场分析##[S]和@@",,,
79,IPD项目管理流程,K,no_match,custom:knowledge/53fc22023231,[CUSTOM] IPD项目管理流程 (self-defined),0.0,2712,广东通宇通讯股份有限公司,项目经理,中山,韩语,"1.良好的@@英文##[L]听说读写能力，会@@韩文##[L]优先
2.有工科尤其天线背景的@@项目管理能力##[S]；
3.熟悉@@IPD项目管理流程##[K]，有@@海外大客户项目管理经验##[S]；
4.有@@主动承担##[T]，@@自驱力##[T]强，@@统筹##[T]和@@推动解决问题的能力##[T]；@@推动项目组的项目顺利开发##[S]与@@结果达成##[S]；
5.各种@@技术报告",,,
80,容器化技术,K,no_match,custom:knowledge/d105523b0415,[CUSTOM] 容器化技术 (self-defined),0.0,2202,三诺生物传感股份有限公司,资深软件java开发工程师,长沙,通用小语种,"岗位职责:
1、系统设计与开发：
（1）@@设计和开发##[S]高效、高质、可扩展的@@后端系统##[S]，支持国际化的业务需求； 
（2）与产品团队和前端开发人员紧密合作，确保系统功能符合业务需求；
（3）参与@@系统需求分析##[S]、@@架构设计##[S]及@@详细设计文档编写##[S]。
2、性能优化：
（1）对现有系统进行@@性能分析##[S]和@@优化##[S]，确保系统的高可用性和低",,,
81,法语国家,K,no_match,custom:knowledge/6ed8f77b1398,[CUSTOM] 法语国家 (self-defined),0.4152,636,浙江杭可科技股份有限公司,留学生招聘（电气/机械方向）,杭州,"法语, 通用小语种, 韩语","任职要求：
1、语言要求：熟悉@@外语##[L]（@@英语##[L]/@@法语##[L]/@@韩语##[L]其中一种）且@@口语流利##[L]；
2、专业要求：@@电子电气##[K]、@@自动化##[K]、@@机械结构##[K]等工科专业，有@@英美澳等英语国家##[K]、@@法语国家##[K]、@@韩国##[K]等留学经历；
3、具备较强@@学习能力##[T]，@@抗压能力强##[T]，有@@责",,,
82,汽车架构,K,no_match,custom:knowledge/c8e06837e8af,[CUSTOM] 汽车架构 (self-defined),0.0,804,武汉光庭信息技术股份有限公司,嵌入式开发工程师/leader,武汉,日语,"一、嵌入式开发工程师（HMI）
1.熟悉@@C\C++等程序设计语言##[S]、@@数据结构##[K]和@@算法##[K]
2.熟练掌握@@MicrosoftVisualStudio等集成开发工具##[S]，或熟练掌握一种@@嵌入式开发的在线调试、仿真开发工具##[S]
3.较高的@@专业素质##[T]、较强的@@逻辑思维能力##[T]
4.有@@团队管理经验##[T]任职资格：
1、3年以上@@",,,
83,生产效率知识,K,no_match,custom:knowledge/8a406e5a9201,[CUSTOM] 生产效率知识 (self-defined),0.0,1033,深圳佛吉亚汽车部件有限公司,项目投产主管,汕尾,通用小语种,"主要职责: 
o	全面负责项目活动中所有的工业发展的活动
主要任务:
o	负责工厂发展计划包括@@工业选址##[S],@@工厂设备选型##[S](新购/重新使用/共享),@@工厂布局##[S],MIFD/MIFA,@@工业试验##[S]…
o	从定义到执行,负责@@产品投产的计划和预算##[S].
o	参与@@采购或购买策略##[S].
o	从第3阶段开始,负责工厂@@HSE和人机工程的衔接##[",,,
84,六西格玛绿带,K,no_match,custom:knowledge/ac9f2ec421c7,[CUSTOM] 六西格玛绿带 (self-defined),0.0,561,歌尔股份有限公司,项目品质管理岗（英语/日语）,潍坊,日语,"岗位职责：
1、@@制定产品质量目标##[S]，组织质量各领域@@制定项目质量策划##[S]，指导和监督团队正确执行，保障@@质量绩效##[K]的达成；
2、@@建立并维护产品及项目质量管理##[S]；履历，负责@@产品质量问题改善验证##[S]和@@经验总结##[S]，推动@@质量改进活动##[S]的开展，改进@@产品质量##[K]
3、@@识别项目管理过程中的质量风险##[S]，追踪@@风险预",,,
85,技术工作经验,K,no_match,custom:knowledge/6db8c6bbf141,[CUSTOM] 技术工作经验 (self-defined),0.0,4461,宁波三星电气股份有限公司,外销国家经理/区域经理,宁波,西班牙语,"岗位职责：
1、市场开拓：负责@@目标市场调研##[S]，@@跟进行业动态##[S]，@@获取线索和商机##[S]；
2、客户管理：负责@@开发客户资源##[S]，@@拓展客户关系##[S]，@@维护新老客户##[S]；
3、项目推进：负责@@确定项目节奏##[S]，@@制定项目策略##[S]，按计划@@监控和推进##[S]；
4、投标运作：负责@@制定投标策略##[S]，协助@@准备投标资料##",,,
86,用电运行数据库,K,no_match,custom:knowledge/ea8034add111,[CUSTOM] 用电运行数据库 (self-defined),0.0,2441,宁德时代新能源科技股份有限公司,高级电气工程师-厂房设备 (MJ021808),宁德,通用小语种,"岗位职责：
1、负责新建工业园区的@@电气配置需求分析##[S]、推进@@用电计量标准##[K]，建立@@用电运行数据库##[K]及@@数字化维护##[S]；
2、负责推进厂务及工艺生产设备用电需求改善、包括单机、多机用电系数优化并建标建模、推进创新措施导入降本降耗；
3、推进各项目用户需求评审对标工作与冻结签批；
4、电气专业覆盖范围：110KV高压变电、10KV低压配电、母线槽、UPS、厂房设",,,
87,半导体行业市场发展现状,K,no_match,custom:knowledge/7c2b907153d9,[CUSTOM] 半导体行业市场发展现状 (self-defined),0.0,1177,无锡市人才集团有限公司,半导体销售工程师,无锡,韩语,"岗位职责：
1.根据销售计划，@@开拓新客户##[S]，并对项目和关键客户进行跟进；
2.@@目标市场和客户需求挖掘##[S]和分析，@@建立和维护客户关系##[S]。
3.@@项目跟踪##[S]，对@@设备销售##[S]和@@售后服务工作##[S]进行协调，保证客户满意，项目顺利；
4. 协助项目按时回款。
任职要求：
1.市场营销或其他相关专业，大学本科及以上学历；
2.具有5年以上半导体行业",,,
88,供配电力网络,K,no_match,custom:knowledge/850f7d4f86bf,[CUSTOM] 供配电力网络 (self-defined),0.0,285,中曼石油天然气集团股份有限公司,电气师(J10321),上海,"俄语, 通用小语种","工作职责:
1遵守和执行本岗位的@@HSE 规定##[K]以及公司的各种规章制度。
2执行工作安排，确保CPF所有的电器设备完好，
3负责油田区域的设备现场的@@安装##[S]、@@调试##[S]
4负责@@管理##[S]、@@维护##[S]和@@维修##[S]所有电器设备,确保设备正常运转
5每日检查@@设备操作规程##[K]、@@保养制度##[K]的执行情况，@@指定保养计划##[S]。
6负",,,
89,新能源汽车BMS售后诊断技术,K,no_match,custom:knowledge/16f6ff38e797,[CUSTOM] 新能源汽车BMS售后诊断技术 (self-defined),0.4362,1150,欣旺达动力科技股份有限公司,售后资深工程师（BMS方向）,深圳,"德语, 法语, 西班牙语, 通用小语种","职责描述：
1、负责公司产品在海外市场的装车及运行提供服务保障，处理售后客诉问题并提供解决方案；
2、受理客户报修、技术咨询、备件订购等需求，统筹服务商资源及联合跨部门为客户提供服务解决方案； 
3、负责售后服务工程资料开发，课件制作，为客户及第三方服务商提供技术和服务类培训；
4、负责区域内客户满意度提升和售后质量问题改善，定期归纳汇总售后异常问题联动质量等部门预防改善。
任职要求：
1、本科以",,,
90,结构件,K,no_match,custom:knowledge/88316ae3b123,[CUSTOM] 结构件 (self-defined),0.0,92,赛卓电子科技（上海）股份有限公司,CP/测试经理,嘉兴,通用小语种,"工作职责
1.设备的@@验收##[S]
2.制程Cost down @@评估##[S]及@@制程改善##[S]；
3. 产线@@异常分析##[S]、@@追踪##[S]、@@处理##[S]；
4. 新产品试产schedule @@掌控##[S]；
5. 设备利用率的提升；
6. 生产作业指导，@@工艺制订##[S]；
7. 供应商的联系与@@沟通##[T]；
8. 设备@@维修保养建立##[S]；
",,,
91,DTS,K,no_match,custom:knowledge/81da228ebb5e,[CUSTOM] DTS (self-defined),0.0,993,格拉默车辆座椅（宁波）有限公司,产品工程师,宁波,德语,"岗位职责
1. 负责产品@@技术定义##[S]和@@工艺可行性##[S]，确保符合客户规格，方案计划，质量和成本目标；
2. 确保@@技术衔接计划##[S]符合产品质量和成本目标；
3. 确保项目进展符合技术里程碑。
4. 管理@@BOP定义##[S]并确保供应商的@@技术集成##[S]
5. 负责产品@@应用支持##[S]，包括@@技术支持##[S]、@@产品推广##[S]、@@技术培训##[S",,,
92,社会保险政策,K,no_match,custom:knowledge/cf37e31ec955,[CUSTOM] 社会保险政策 (self-defined),0.0,1785,上海外服（集团）有限公司,人事专员/助理 双休/五险一金,上海,通用小语种,"岗位要求：
1. 学历背景：本科及以上学历，人力资源、行政管理或相关专业优先。
2. 工作经验：1-3年人事管理相关工作经验。
3. 语言能力：@@英语四级##[L]或同等水平，能够熟练进行日常的@@英文##[L]书面和口头@@沟通##[T]。
4. 专业知识：熟悉@@劳动法规##[K]、@@社会保险政策##[K]及相关@@人事管理知识##[K]。
5. 技能要求：具备良好的@@沟通能力##[T]",,,
93,商务报价流程,K,no_match,custom:knowledge/80b78e638f60,[CUSTOM] 商务报价流程 (self-defined),0.0,4983,沈阳道达汽车饰件有限公司,商务客户经理,沈阳,德语,"1、项目报价过程中,分析各产品成本构成，确定报价方案；
2、同客户进行沟通，及时将客户的意见和建议内部进行反馈和传达；
3、客户端维护；
4、市场信息调研，市场拓展，及时掌握行业动态；
5、货款跟踪。
 任职要求：
1、汽车行业工作经验3-5年，能够进行独立的@@商务谈判##[S]；
2、熟悉相关的@@法律法规##[K]，能够独立@@编制、审核合同及协议##[S]；
3、熟悉@@商务报价流程##[",,,
94,俄罗斯、欧盟、中国港澳等不同市场的政策,K,no_match,custom:knowledge/b3f51c69d89a,[CUSTOM] 俄罗斯、欧盟、中国港澳等不同市场的政策 (self-defined),0.4871,4657,深圳歌力思服饰股份有限公司,服装外贸跟单专员/主管,深圳,通用小语种,"工作内容：
1. 负责跟进服装进出口订单的执行情况，确保订单流程顺畅无阻。
2. 与生产部门（PMC）协调并安排订单生产，跟踪订单进度及出货情况。
3. 主动与国外合作伙伴@@沟通##[T]需求，并确保各项需求得到妥善安排和落实。
4. 协助处理集团不同品牌境外店铺（如港澳地区）与内地总仓库之间商品调拨相关的海关事务。
5. 独立解决执行中遇到的各类问题，包括样衣确认、报价单确认、货期和订单细节等",,,
95,ISO/IEC17025,K,no_match,custom:knowledge/1016f760204f,[CUSTOM] ISO/IEC17025 (self-defined),0.0,2265,衢州华友钴新材料有限公司,研发质量部长(004360),衢州,日语,"岗位职责:
一、研前驱体究院质量管理计划
1、协助研发品质部完成策划质量目标和重点工作的实现计划；
2、协助研发品质部完成质量保证模块工作策划与分配。
二、研究院管理体系建立、保持和改进
1、根据适用标准和法规建立研究院质量、环境、安全及其他管理流程与规定；
2、通过绩效监视、内外审、巡查等监视研究院各管理体系运行；
3、协助各体系归口单位持续优化设计开发及关联过程流程与规定。
三、开发质量管理
",,,
96,Coding Conventions,K,no_match,custom:knowledge/8a69a21fb30a,[CUSTOM] Coding Conventions (self-defined),0.0,1195,上海康德弘翼医学临床研究有限公司,Drug Safety Supervisor药物安全主管,北京,日语,"工作职责:
1. Achieves successful delivery of safety management services meeting internal and external client needs.
61 Serves as the primary client liaison for drug safety management issues.
61 Tracks com",,,
97,熟悉稀土永磁材料相关知识,K,no_match,custom:knowledge/41eb0e68b003,[CUSTOM] 熟悉稀土永磁材料相关知识 (self-defined),0.0,599,宁波韵升股份有限公司,销售经理,宁波,德语,"1、负责钕铁硼磁性材料市场开拓与维护工作,完成公司下达的销售任务及目标；
2、对区域市场的经营策略制定和实施负责客户谈判,签订和销售合同,跟踪并反馈客户信息和客户需求；
3、对客户进行拜访,建立良好的客情关系,积极处理客户的投诉；
4、了解所在地区行业状况和客户情况,协助相关部门解决突发事件,做好客户服务；
5、协调内部各部门资源,保证项目顺利推进,及时解决问题,保障项目正常运营；
6、收集市场需",,,
98,行业发展趋势,K,no_match,custom:knowledge/06bfb20c839a,[CUSTOM] 行业发展趋势 (self-defined),0.0,2243,广州安道拓汽车座椅有限公司,VAVE&对标主管工程师,广州,日语,"岗位职责：
1. 项目获取：根据客户报价包要求，提供所需的对标分析和VAVE提案，配合完成工程报价方案，并通过客户的工程方案技术评审；
2. 项目开发支持：根据项目节点情况，在设计开发阶段完成相应的对标分析，并提供VAVE方案，以实现设计成本最优化；
3. 产品价值工程：根据公司级别成本节约目标，负责和推动SDT共同推进VAVE提案，验证，实施，并完成公司年度目标；
4. 产品对标：紧跟市场热点，",,,
99,熟悉家居产品领域,K,no_match,custom:knowledge/c3b11c3155a0,[CUSTOM] 熟悉家居产品领域 (self-defined),0.4813,2738,致欧家居科技股份有限公司,法语客户关系管理(V3443),郑州,法语,"职位描述：
1：@@售前、售中问题解答##[S]：通过邮件@@回复客户的咨询##[S]，@@解答关于产品特性、订单信息、物流状态等问题##[S]；
2：@@售后问题处理##[S]：@@跟踪处理客户投诉和问题##[S]，@@及时提供解决方案##[S]并@@跟进处理进展##[S]；
3：@@信息反馈##[S]：@@识别问题类型并准确分类##[S]；与其他部门密切@@合作##[T]，@@及时反馈客户意见",,,
100,WCCA,K,no_match,custom:knowledge/1df16763f4e4,[CUSTOM] WCCA (self-defined),0.0,2558,宁波均胜群英汽车系统股份有限公司,硬件工程师 (MJ001086),南京,"德语, 日语, 通用小语种","任职资格：
1、Education教育背景： 本科及以上学历，电子或计算机相关专业
2、Work experience工作经验：电子、电气及相关专业大学本科及以上学历，至少有3年@@开发经验##[S]，有@@BMS开发经验##[S]优先考虑；
3、Professional knowledge and skills专业知识与技能：熟悉@@模拟电路##[K]、@@数字电路##[K]，掌握各类@@电子电",,,
101,设备安装,S,matched,http://data.europa.eu/esco/skill/861cc783-6d4c-442e-9081-3a6e389be454,install electronic communication equipment,0.693,1876,深圳麦逊电子有限公司,海外售后工程师,深圳,泰语,"岗位职责：
AVI 外观产品的@@设备安装##[S]、@@培训##[S]、@@维护##[S]和@@AI图片收集处理##[S]等工作
任职要求：
1.具备@@英语日常口语沟通能力##[L]或会@@泰语##[L]，必备条件，应届毕业生相关专业均可（大专及以上学历@@机械设计##[K]或者@@自动化##[K]专业）
2.有@@电气经验##[K]和专业。
3.具备@@电脑及软件知识##[K]和@@软件调试",,,
102,竞争对手的动向调查,S,matched,http://data.europa.eu/esco/skill/a572fd00-6735-428b-9fb1-fd2bf6262b21,monitor online competitors,0.49,44,深圳新宙邦科技股份有限公司,客户经理（国际方向）,深圳,"日语, 韩语","岗位职责：
1.根据部门总体销售计划，@@制定产品市场开发目标及销售计划##[S]，提交@@月度/季度/年度销售总结分析报告##[S]，以完成销售目标。
2.@@确认国际客户需求##[S]，并向相关部门@@反馈国际客户需求##[S]，确保国际客户需求得到满足；
3.@@确认国际销售合同订单及价格##[S]，@@协调公司内部关于交付相关事项##[S]，提供@@国际客户异常处理方案##[S]，确保销售",,,
103,起草和复核工艺规程,S,matched,http://data.europa.eu/esco/skill/2c28fc20-8a60-4311-8899-5ef8729c05b3,design process,0.643,2375,安徽皓元药业有限公司,项目工程师,马鞍山,通用小语种,"1、良好的@@跨部门沟通协作能力##[T]和@@中英双语文件处理能力##[L]。
2、良好的@@GMP意识##[K]，@@药学法规##[K]方面和@@公司SOP##[K]有良好的了解和掌握。
3、具备一定@@客户沟通能力##[T]和@@团队管理能力##[T]。
4、根据GMP生产计划，@@主导落实技术转移过程风险评估##[S]。5、@@负责对研发转移的技术资料进行深度审核##[S]。
6、特殊要求",,,
104,对日软件开发,S,matched,http://data.europa.eu/esco/skill/83b33952-3872-46ec-9a2e-b28f91303a7e,oversee development of software,0.785,779,江苏海隆软件技术有限公司,[急聘]对日软件开发项目经理（PM）,南京,日语,"岗位职责：
1、从事@@对日大型应用软件系统的设计##[S]、@@开发##[S]和@@测试##[S]等工作；
2、根据对日软件项目的提案，@@制定详细的项目实施计划##[S]；
3、有效的@@控制整个开发过程的进度和质量##[S]，确保@@设计##[S]、@@实现##[S]、@@测试工作##[S]按时保质完成；
4、@@解决项目/模块团队工作中的常规技术问题##[S]；
5、在日常工作中注重@@总",,,
105,业务信息管理,S,matched,http://data.europa.eu/esco/skill/41bf7ede-fc84-4a57-8c89-b548d11b0ba1,manage business knowledge,0.659,2316,宁波博雅聚力新材料科技有限公司,销售经理-PI热控膜,宁波,韩语,"岗位职责：
1.负责产品的@@宣传##[S]与@@推广##[S]；
2.负责@@客户渠道开发##[S]及@@拓展##[S]；
3.@@开发##[S]和@@维护客户关系##[S],参加@@行业峰会##[S]和@@展会##[S];负责所担当客户的@@业务信息管理##[S]、@@月度进展总结##[S]和@@分析##[S]:
4.负责@@销售合同签订##[S]、@@回款##[S]等工作。
任职要求：
1.",,,
106,客户服务质量,S,matched,http://data.europa.eu/esco/skill/a15dab55-f1da-4f85-ae3e-2b5c5b5333ca,provide high quality customer service,0.659,304,苏州禾昌聚合材料股份有限公司,韩语销售,苏州,韩语,"【工作内容】
- 协助@@开发与维护韩国市场客户资源##[S]，拓展公司@@产品销售渠道##[S]。
- 定期@@跟踪客户反馈##[S]，及时@@解决客户问题##[S]，提高客户满意度。
- 协调内部资源，确保@@订单处理流程##[S]顺畅，保证@@客户服务质量##[S]。
- 参加@@行业展会##[S]和@@商务洽谈会##[S]，扩大公司品牌影响力。
- 出差东南亚地区，包括且不限于韩国，日本，",,,
107,商务写作,S,matched,http://data.europa.eu/esco/skill/be40c4c3-a855-4d67-9ca5-6f4428c34b0d,provide written content,0.641,185,纳恩博（常州）科技有限公司,海外销售经理 (MJ003808),常州,葡萄牙语,"区域销售经理：
岗位职责：
1.负责分管国际市场的@@市场开拓##[S]与@@维护##[S]，落实@@市场开拓计划##[S]及@@销售目标##[S]；
2.协助区域销售总监对所分管区域市场的@@开拓##[S]，@@市场推广##[S]及@@品牌建设##[S]进行管理及协同；
3.完成年度公司的@@国际业务开拓计划##[S]及@@销售计划##[S]；
4.负责所分管客户的@@客户管理##[S]，@@订",,,
108,安排差旅、酒店预订和交通安排,S,matched,http://data.europa.eu/esco/skill/936a42f0-a586-4595-9e47-ca93210761fd,process reservations,0.551,3621,深圳市尚水智能股份有限公司,总经理助理（日语/英语）,深圳,日语,"【岗位职责】

1、提供初步@@筛选##[S]和处理来自内外部的电话、邮件和其他通信，确保信息传达到适当的人员。

2、@@管理日常行政工作##[S]，如@@文件管理##[S]、@@数据输入##[S]、@@档案维护##[S]和@@文书处理##[S]等。

3、协助@@安排会议、培训和活动##[S]，并负责@@预订场地##[S]、@@发送邀请函##[S]、@@准备会议资料##[S]和@@记录会议纪要",,,
109,drug safety management issues,S,matched,http://data.europa.eu/esco/skill/d97880ee-434d-4085-aeff-1a76ac21071e,manage medication safety issues,0.561,2662,上海康德弘翼医学临床研究有限公司,Drug Safety Supervisor药物安全主管,武汉,日语,"工作职责:
1. Achieves successful delivery of @@safety management services##[S] meeting internal and external client needs.
61 Serves as the primary @@client liaison##[S] for @@drug safety management issue",,,
110,督促销售目标达成,S,matched,http://data.europa.eu/esco/skill/b99aa3b8-0066-46b2-a027-30afae444ad8,implement sales strategies,0.7524,1214,科威尔技术股份有限公司,国际贸易部销售(韩语),合肥,韩语,"工作职责:
1.销售支持：深入理解了解公司产品及技术方案，配合代理商完成客户技术@@沟通##[S]，拜访等； 配合产品部人员提供方案，进行@@讲解##[S]和@@技术答疑##[S]； 
2.代理商管理：日常同代理商进行@@沟通##[S]，@@督促销售目标达成##[S]，@@收集月报##[S]； 产品知识及应用@@培训##[S]；
3.市场营销：参加所负责区域展会，论坛； 组织代理商召开产品发布会；",,,
111,制定销售策略及营销计划,S,matched,http://data.europa.eu/esco/skill/b99aa3b8-0066-46b2-a027-30afae444ad8,implement sales strategies,0.8951,3092,健帆生物科技集团股份有限公司,区域销售总监,珠海,通用小语种,"工作职责
1、@@组织与管理销售团队##[S]，负责所辖国家的@@市场开拓##[S]及@@销售目标的达成##[S]。
2、@@制定本区域营销计划##[S]、@@分解销售目标##[S]。并对销售进行@@销售目标的量化考核##[S]。
3、@@落实相关品牌市场策略##[S]及@@学术活动##[S]，保持与当地医学专家的良好关系。
4、能够@@处理市场趋势、需求变化、竞争对手和客户反馈方面的信息##[S",,,
112,细分市场及全渠道管理,S,matched,http://data.europa.eu/esco/skill/4ffec20b-5bbb-47a2-bed5-eb70c4cbb572,manage sales channels,0.68,3183,东莞铭普光磁股份有限公司,海外销售,深圳,通用小语种,"1.负责当地市场@@渠道开拓##[S]，@@零售覆盖及渠道建设和管理##[S]，对相应的@@销售考核指标及经营指标##[K]负责(欧美发达国家)；
2.配合@@线下营销活动和线上数字营销的策划与执行##[S]，@@培育市场##[S]、@@生成线索##[S]，@@定向拉动销售##[S]；
3.参与当地@@户外产品/消费类产品销售策略制定##[S]，@@细分市场及全渠道管理##[S]。
任职要求
1.",,,
113,销售目标制定与达成,S,matched,http://data.europa.eu/esco/skill/b99aa3b8-0066-46b2-a027-30afae444ad8,implement sales strategies,0.8017,1878,深圳市铭利达精密技术股份有限公司,市场经理（储能逆变器）,东莞,"日语, 西班牙语, 韩语","工作职责：
1、@@市场调研与分析##[S]：负责@@收集和分析市场的相关信息##[S]，包括行业动态、竞争对手、客户需求等。定期进行@@市场趋势预测##[S]，为公司的产品研发和市场策略提供依据。
2、@@产品规划与推广##[S]：根据市场调研结果，@@制定市场定位和推广策略##[S]。@@参与产品研发##[S]，确保产品符合市场需求和行业发展趋势。
3、@@销售目标制定与达成##[S]：@@制",,,
114,开发管理,S,matched,http://data.europa.eu/esco/skill/83b33952-3872-46ec-9a2e-b28f91303a7e,oversee development of software,0.7031,2625,上海汉得信息技术股份有限公司,ERP咨询顾问,西安,日语,"岗位职责：
1、面向制造业客户提供@@ERP(SAP或Dynamics365）的实施交付顾问工作##[S]，作业内容包括@@要件定义##[S]、@@蓝图设计##[S]、@@开发功能设计##[S]、@@开发管理##[S]、@@系统测试##[S]、@@数据迁移##[S]、@@用户培训##[S]、@@用户测试支持##[S]、@@上线后支持##[S]等。
2、整个作业过程中需严格遵循客户的项目管理要求，包",,,
115,制程问题解决,S,matched,http://data.europa.eu/esco/skill/14832d87-2f2f-4895-b290-e4760ebae42a,solve technical problems,0.678,3268,天马微电子股份有限公司,组装设备岗 (MJ008980),武汉,日语,岗位职责：1、流畅@@英语##[L]或@@日语##[L]口语交流能力，根据业务需求面对面交流或回复英文、日文专项报告 2、负责组装&复杂模组现场@@设备异常##[S]和@@制程问题解决##[S]，维持生产稳定。 3、负责组装&复杂模组@@FTY提升##[S]，材料（背光、lens、POL等）@@损耗改善##[S]。 4. 负责组装&复杂模组制程重大异常及客诉问题解决、@@8D报告编写##[S]。 ,,,
116,制定并购策略,S,matched,http://data.europa.eu/esco/skill/b99aa3b8-0066-46b2-a027-30afae444ad8,implement sales strategies,0.7266,1563,常州市建筑科学研究院集团股份有限公司,投资并购经理,常州,通用小语种,"岗位信息：此岗位属于集团战略投资部招聘所用；

岗位职责：
1、市场与行业研究：@@深入分析检测认证行业的市场动态、竞争格局及潜在并购机会##[S]，@@制定并购策略##[S]和@@目标公司筛选标准##[S]。
2、目标公司筛选与评估：@@识别并筛选符合公司战略发展需求的潜在并购目标##[S]，进行@@初步评估分析##[S]。
3、尽职调查：@@组织并领导专业团队对目标公司进行全面深入的尽职调查#",,,
117,仓库管理经验,S,matched,http://data.europa.eu/esco/skill/63359272-1303-41d5-a437-f4522f5abcc2,manage warehouse organisation,0.609,3802,深圳市拓享科技有限公司,仓库主管,深圳,"越南语, 通用小语种","职位概述：
作为仓库主管，您将负责监督和管理仓库的日常运作，确保库存管理的准确性，优化仓库空间和提高仓库团队的工作效率。您需要具备出色的@@组织能力##[T]、@@领导能力##[T]和对细节的关注能力，以确保仓库运作顺畅，满足公司的物流需求。
主要职责：
1. 仓库管理：
 - @@监督仓库的日常运作##[S]，包括@@收货##[S]、@@存储##[S]、@@拣货##[S]、@@打包##[S]和@",,,
118,系统方案开发维护,S,matched,http://data.europa.eu/esco/skill/fbbcb9ab-4b95-4e57-a756-30d08b7da7a5,maintain ICT system,0.656,2072,深圳市英威腾电气股份有限公司,技术支持工程师（韩语）(J11348),沈阳,韩语,"工作职责:
1、熟悉@@变频器##[K]、@@PLC##[S]、@@伺服产品##[K]，对国外客户进行产品及应用方面的@@技术培训##[S]、@@售后问题的指导和处理##[S]；
2、负责国外展会@@技术支持##[S]，@@技术推广##[S]、@@现场应用调试##[S]和@@培训##[S]；负责海外客户OEM行业@@系统项目开发##[S]； 
3、负责协助业务人员进行@@方案沟通交流##[S]、@",,,
119,产品技术相关的培训,S,matched,http://data.europa.eu/esco/skill/4c5d616e-f6d8-4fb4-8ce6-89a4b048b916,create training materials,0.7572,3076,上海永利带业股份有限公司,海外销售工程师（马来语）,上海,马来语,"岗位职责：
1、根据年度销售目标，制定@@营销和销售的战略和详细实施计划##[S]
2、分析@@国家市场战略##[S]，为客户引入正确的产品和服务，为客户创造价值；
3、发掘@@新客户和新业务潜力##[S]；
4、@@客户关系管理##[S]/@@大客户管理##[S]；
5、与主要客户组合发展并维持长期信任关系；
6、全面了解客户的需求和要求，解决@@客户问题##[S]；
7、为当地团队提供全面的产",,,
120,制定相应的风险控制措施,S,matched,http://data.europa.eu/esco/skill/873f205a-05f8-45f8-b544-fe963a3edc1e,address identified risks,0.614,760,长兴天赢进出口有限公司,外贸跟单员,湖州,通用小语种,"1. 订单管理与跟进：负责接收、处理、跟进外贸订单，确保订单信息的准确性和完整性，及时与客户、供应商@@沟通##[T]，协调解决订单执行过程中的问题。
2. 生产进度与质量监控：与生产部门密切合作，跟踪生产进度，确保订单按时交货；同时@@监控产品质量##[S]，确保产品符合合同要求及质量标准。
3. 物流与运输协调：与物流公司@@沟通合作##[T]，安排货物的运输、报关、报检等事宜，确保货物按时、",,,
121,处理及改善跟进,S,matched,http://data.europa.eu/esco/skill/75b30aeb-34c0-40f4-b77d-271d75a98b14,improve business processes,0.591,3427,四维尔丸井（广州）汽车零部件有限公司,质量工程师,广州,日语,"岗位职责：
1）负责量产阶段产品@@品质改善##[S]活动；
2）负责@@客户抱怨的处理##[S]、@@不良信息的展开##[S]、@@改善报告回复##[S]、@@验证##[S]；
3）负责@@市场投诉##[S]、@@市场索赔处理##[S]及汇报；
4）负责@@收集客户标准##[S]、@@过往缺陷##[S]、@@限度样件##[S]、@@检具##[S]、@@基准##[S]等对相关人员@@培训##[S]",,,
122,信息调研,S,matched,http://data.europa.eu/esco/skill/0b8da079-f587-403f-a6ad-cd18b8150044,gather technical information,0.7095,329,天润工业技术股份有限公司,泰语外贸业务员,威海,泰语,"1.负责@@调研及开拓国内及国外新的整车或发动机公司##[S]，以及公司已有客户的@@新产品项目调研##[S]；
2.@@编制新客户及已有客户新产品项目调研报告##[S]，并报公司各级相关领导进行审批；
3.@@保持与新客户和已有客户新产品项目的沟通##[S]，@@推进项目进程##[S]；
4.@@组织协调公司各部门进行多方论证评审##[S]；
5.@@编制新客户及已有客户新产品项目确定报告##[",,,
123,原型与线框图,S,matched,http://data.europa.eu/esco/skill/797a4416-0b8d-44f3-8fcd-eb10bd0be6b4,develop software prototype,0.529,1252,武汉互创联合科技有限公司,UI设计师,武汉,通用小语种,"工作职责：
@@用户体验设计##[S]： 负责为医疗软件@@创建直观、用户友好的界面##[S]。
@@视觉设计##[S]： @@设计系统的整体视觉风格##[S]，包括色彩方案、图标、字体等，以符合医疗行业的专业性和可靠性。
@@原型与线框图##[S]： @@创建高保真和低保真的原型及线框图##[S]，用于内部评审和用户测试。
@@用户研究##[S]： 理解客户的具体需求，包括但不限于用户习惯、工作",,,
124,店面形象维护,S,matched,http://data.europa.eu/esco/skill/bf427845-c3ad-45ab-af73-49994394e6bf,manage the store image,0.508,1498,深圳传音控股股份有限公司,海外营销经理(J16709),深圳,通用小语种,"工作职责:
职位描述：
REVOO 所在的电动出行领域是一个新兴且快速增长的赛道，我们对其未来充满信心。
在这个关键时刻，我们正在寻找一位年轻有动力的营销人加入我们的团队，以达成从零开始建设业务并以有限资源获取在地影响力的挑战。
工作职责：
1.区域市场管理：负责埃塞俄比亚、坦桑尼亚、卢旺达三国市场的@@开发##[S]和@@业务推进##[S]，包括在地@@全域营销动作落地##[S]、@@社交媒体运",,,
125,开展离任审计,S,matched,http://data.europa.eu/esco/skill/095fdace-1cc3-4e80-b37b-268fe297904a,prepare audit activities,0.7359,2139,科沃斯机器人股份有限公司,廉洁监察经理,苏州,通用小语种,"1、@@推进、完善公司内稽核监察体系建设##[S]工作；
2、@@开展离任审计##[S]等工作，在内部审计过程中合理关注和检查可能存在的舞弊行为；
4、独立对获得的各类舞弊线索@@开展调查##[S]，@@编写内部调查报告##[S]；
5、负责与外部审计机构及集团风控审计项目@@对接##[S]，@@审计需求的承接##[S]即@@资料的收集、整理、提供##[S]工作；
6、能运用@@经侦手段##[K]",,,
126,客户回款跟踪,S,no_match,custom:skill/64dae819b86a,[CUSTOM] 客户回款跟踪 (self-defined),0.4809,3135,舒华体育股份有限公司,韩语外贸销售员,上海,韩语,"负责亚太大区健身器材海外销售工作，有销售kpi指标要求，有国内外出差任务。
要求：认可销售工作，@@英语##[L]、@@韩语##[L]听说读写流利；有韩国学习、工作或生活经验优先。
主要职责：
1、@@销售计划拟定##[S]：依据国际营销中心销售计划@@制定月度目标##[S]，并@@分解到日##[S]，按日推进；@@制定每个季度、每个月度的销售计划##[S]，确保销售目标的实现。
2、@@客户维护",,,
127,参与产品设计,S,no_match,custom:skill/1265bf586ce8,[CUSTOM] 参与产品设计 (self-defined),0.0,64,芜湖福赛科技股份有限公司,产品开发部长,芜湖,日语,"职责描述：
1.根据公司的发展战略，@@建立产品工程科的发展规划##[S]；
2.@@负责产品开发部工作目标的编制与执行##[S]；
3.@@负责产品开发部员工的培训、培养、挑选##[S]；
4.@@负责指导员工按产品开发相关程序开展工作##[S]；
5.@@领导产品开发团队解决公司研发及量产产品存在的技术问题##[S]；
6.在工艺、设备采购、模具等开发过程中提供工支持；
7.@@参与产品设计#",,,
128,技术可行性,S,no_match,custom:skill/2d1070f997fc,[CUSTOM] 技术可行性 (self-defined),0.0,3321,深圳市思达仪表有限公司,海外国家经理（法语）,深圳,"法语, 通用小语种","岗位职责：
开拓国际市场、推广产品并获取订单，包括：
1.开拓和维护目标市场：研究目标市场的文化、经济、政策等因素，制定有效的市场策略；
2. 品牌和产品推广： 通过多种渠道和手段将产品信息传递给目标市场的潜在客户，提高产品的知名度和市场接受度；
3. 客户关系管理：负责目标市场的客户开发和维护工作，建立稳定的客户关系网络；
4. 市场研究和情报收集：定期收集和分析国际市场趋势、竞争对手动态等信息",,,
129,公共常用研发物资的储备,S,no_match,custom:skill/da34a59c4175,[CUSTOM] 公共常用研发物资的储备 (self-defined),0.0,2077,四川科伦博泰生物医药股份有限公司,科伦研究院-研发物资库管员(J11940),成都,通用小语种,"工作职责:
负责研发物资日常工作的正常开展，@@采购申请的库存审核##[S]，@@公共常用研发物资的储备##[S]，确保研发物资收发存准确，账、卡、物一致，防止差错和混淆。
1、@@执行公司所有管理制度##[S]和各项工作指令；
2、负责组内外@@工作沟通和协调##[T]，接收各项工作指令和通知，并对执行完成情况及时@@追踪及反馈##[S]；
3、负责根据库存信息@@审核各部门物资采购申请##[S",,,
130,冲压模具调试,S,no_match,custom:skill/c227dc39a5d2,[CUSTOM] 冲压模具调试 (self-defined),0.0,114,华翔金属科技股份有限公司,模具专家,长春,日语,"15年以上@@车身冲压件工艺设计##[S]、@@模具设计##[S]经验
5年以上@@车身冲压件工艺审核##[S]、@@模具审核##[S]经验
熟悉@@冲压工艺作业流程##[K]、@@冲压工艺规划##[K]
具备独立阅读@@英##[L]、@@日文##[L]产品图纸的能力
熟悉@@车身冲压零件常用原材料牌号及性能##[K]、@@原材料代用情况##[K]
熟知@@德系、欧系、日系及国内主要主机厂车身冲压",,,
131,Manage CCAR and NCR,S,no_match,custom:skill/9aab4b59151e,[CUSTOM] Manage CCAR and NCR (self-defined),0.0,1590,中微半导体设备（上海）股份有限公司,Sr. Supplier Quality Manager,南昌,"法语, 波兰语","1.	SQE Responsibilities:
1)	Lead the Nanchang SQE team, ensuring efficient task completion, achievement of GMO KPIs, and alignment with headquarters' strategies.
2)	Manage CCAR and NCR for the Nanchan",,,
132,新产品设计开发,S,no_match,custom:skill/b245cffb3017,[CUSTOM] 新产品设计开发 (self-defined),0.0,2923,深圳顺络电子股份有限公司,产品研发工程师,东莞,通用小语种,"岗位职责：
1.负责@@新产品设计开发##[S]和@@中试制作##[S]，@@设计验证的实施##[S]和@@控制##[S]；
2.负责前期产品的@@报价##[S]相关及@@客户技术支持##[S]；
3.负责@@编制新产品开发资料##[S]，及在产品寿命周期内的@@更新##[S]；
4.负责@@组织并实施新产品设计与原材料、结构等相关的变更##[S]；
5.参与新产品的@@工艺/工程参数##[S]、",,,
133,把握客户痛点,S,no_match,custom:skill/72c683c499b7,[CUSTOM] 把握客户痛点 (self-defined),0.0,935,惠州亿纬锂能股份有限公司,日语销售,惠州,日语,"工作内容：
1、洞察锂电池市场，在企业战略和高层管理者层面把握客户痛点；
2、对重点项目实行高度聚焦，与高层管理者建立可信赖的关系；
3、制定长期策略和产品方案，可以创造性的满足客户需求导入。


职位要求
1、本科学历以上，有大客户公关经验；
2、对新能源市场有深入的认知，能够把握客户痛点；
3、强烈的成就导向，不达目的不放弃的公关精神。   （来自 马克数据网）",,,
134,路面机械行业销售经验,S,no_match,custom:skill/ae3b7086d5be,[CUSTOM] 路面机械行业销售经验 (self-defined),0.0,3032,福建省铁拓机械股份有限公司,外贸业务员（俄语）,泉州,俄语,"一、岗位要求：
1、大专以上学历，年龄20-30周岁，具备专业水平@@英语##[L]、@@俄语##[L]，@@口语交流##[S]及@@阅读能力##[S]强，能和客户娴熟@@对话##[T]与@@沟通##[T]；
2、***，性格外向；
3、具备有@@路面机械行业销售经验##[S]。",,,
135,开发跟进客户的能力,S,no_match,custom:skill/d13582d6de6a,[CUSTOM] 开发跟进客户的能力 (self-defined),0.0,3830,广州市鸿利显示电子有限公司,外贸业务员（韩语）,广州,韩语,"岗位职责：
1. 负责韩国市场的开发与维护，建立稳定的客户关系；
2. 根据公司及部门业绩规划，制定区域销售拓展计划，策划并监督业务销售活动，确保全年的业绩指标、客户发展目标及区域各项绩效指标的达成；
3. 新客户开发及老客户维护，及时有效地回复客户需求，相关资料整理，为客户提供主动、热情、满意、周到的服务，制定计划及执行方案并实施确保完成销售任务；
4. 负责客户来访接待事宜，包括行程安排以及会",,,
136,新项目开发各阶段预定目标的达成,S,no_match,custom:skill/bc4405b98622,[CUSTOM] 新项目开发各阶段预定目标的达成 (self-defined),0.0,1263,江苏精研科技股份有限公司,产品工程师（韩语方向）,常州,韩语,"岗位职责：
1.参与从报价阶段的@@项目评估##[S]，@@项目立项##[S]并@@组织项目启动会议##[S]做好前期策划；
2.@@组建项目小组##[S]，@@确定项目开发目标书、各职能负责人及相应职责##[S]；
3.@@制订项目计划##[S]并@@监督项目的进度##[S]，并按项目计划@@召集各阶段评审会议##[S]，并完成各阶段的@@总结报告##[S]；
4.项目立项后与客户@@沟通项目开",,,
137,complete tasks,S,no_match,custom:skill/fa489f6748fd,[CUSTOM] complete tasks (self-defined),0.0,3238,中微半导体设备（上海）股份有限公司,Sr. Supplier Quality Manager（Nanchang）,南昌,"法语, 波兰语","Key responsibilities 主要职责：
1)	Strategic Alignment &amp; Performance: @@Lead the Nanchang SQE team##[S] to meet GMO KPIs, @@align with headquarters' strategies##[S], and efficiently @@complete tasks##[",,,
138,组织研发部人员实施研究院各类项目,S,no_match,custom:skill/cd22dce57f54,[CUSTOM] 组织研发部人员实施研究院各类项目 (self-defined),0.0,2988,厦门华联电子股份有限公司,研发部经理（研究院）,厦门,通用小语种,"（一）岗位职责
1、技术创新规划：@@获取并分析市场、客户及公司内部需求##[S]，@@主持研究院牵头的项目开发实施##[S]及@@技术路线提炼##[S]，包括@@创新类研发课题制定##[S]、@@创新能力培养##[S]、@@创新项目产品转化##[S]等。
2、研发部管理：@@组织研发部人员实施研究院各类项目##[S]，@@把关项目整体技术方案##[S]，@@协调研发部开发资源分配##[S]，@@",,,
139,进度控制,S,no_match,custom:skill/fa4421663044,[CUSTOM] 进度控制 (self-defined),0.0,349,武汉光庭信息技术股份有限公司,对日PM/PMA,武汉,日语,"任职条件：
1.计算机或@@日语##[L]相关专业优先；
2.有@@软件开发##[S]/@@测试经验##[S]者，有@@车载电子行业背景##[K]优先考虑；
3.@@日语N2##[L]及以上，@@口语流利##[L]（必要条件）；
4.有5人团队以上@@项目管理经验##[S]，@@PMP##[K]/@@A-SPICE##[K]/@@PRINCE2##[K]认证者优先录用；

岗位职责：
1.主导新项",,,
140,查询英文专利,S,no_match,custom:skill/a1440424efac,[CUSTOM] 查询英文专利 (self-defined),0.4942,2795,成都倍特药业股份有限公司,国际专利专员/主管,成都,通用小语种,"主要职责：
1、负责待立项项目@@专利调研分析##[S]，为立项策略提供参考。
2、负责研发过程中项目@@专利问题对接服务##[S]，并根据研发进展进行@@专利挖掘##[S]。
3、负责@@专利申请##[S]、@@答复##[S]、@@复审##[S]及@@权利维护##[S]
4、负责项目研发过程中外部@@专利信息跟踪监控##[S]，为研发提供@@专利风险评估##[S]和@@规避建议##[S]。
5、",,,
141,使用SPC对过程进行分析监控,S,no_match,custom:skill/b53e8200eaef,[CUSTOM] 使用SPC对过程进行分析监控 (self-defined),0.0,213,深圳佛吉亚汽车部件有限公司,过程质量工程师PQE,汕尾,通用小语种,"主要职责: 
?	通过生产过程的控制，保证生产的产品质量符合客户要求。@@优化过程控制##[S]，支撑生产的正常进行，并减少报废率和返工率。
主要任务T:
?	参与新项目的@@设计##[S]/@@试制##[S]/@@导入##[S]等工作，从可行性阶段到启动后质量评估再到产品整个寿命。
?	帮助进行工程的@@故障模式和效应分析##[S]，同时进行@@质量计划活动##[S]，并@@监控产品整个使用寿命",,,
142,维护与海关等政府部门的关系,S,no_match,custom:skill/e35e5a4c9200,[CUSTOM] 维护与海关等政府部门的关系 (self-defined),0.4969,209,立讯热传科技（惠州）有限公司,关务专员（VN办公）,惠州,越南语,"任职要求：
1.大专及以上学历，会@@越南语##[L]、@@中文##[L](听、说、读、写）、@@英语##[L]等语言；
2.在越南当地有3年以上电子制造业@@关务全盘经验##[S]，熟悉@@越南海关、商检、工贸等部门的法律法规##[K]和@@办事流程##[K]，有海关关系的优先考虑；
3.善于@@商品H.SCODE归类##[S]，有@@一般贸易进出口##[S]、@@原产地证书办理##[S]、@@",,,
143,分析并监控产品质量趋势,S,no_match,custom:skill/ba66ac13aa1d,[CUSTOM] 分析并监控产品质量趋势 (self-defined),0.0,213,深圳佛吉亚汽车部件有限公司,过程质量工程师PQE,汕尾,通用小语种,"主要职责: 
?	通过生产过程的控制，保证生产的产品质量符合客户要求。@@优化过程控制##[S]，支撑生产的正常进行，并减少报废率和返工率。
主要任务T:
?	参与新项目的@@设计##[S]/@@试制##[S]/@@导入##[S]等工作，从可行性阶段到启动后质量评估再到产品整个寿命。
?	帮助进行工程的@@故障模式和效应分析##[S]，同时进行@@质量计划活动##[S]，并@@监控产品整个使用寿命",,,
144,检验分析,S,no_match,custom:skill/b236862eaf07,[CUSTOM] 检验分析 (self-defined),0.0,2910,无锡吉冈精密科技股份有限公司,（韩语）品质工程师,无锡,韩语,"1. 负责产品日常的@@质量管理监督##[S]工作。
2. 负责按@@SIP图纸##[K]等对产品正确@@判定##[S]。
3. 每日对产线产生的不良品进行@@复判##[S]，并@@签核##[S]好MRB单。
4. 负责对各自担当的不良品进行@@检验标准的制定##[S]与@@修改##[S]；
5. 参与@@APQP##[K]与@@PPAP##[K]等资料的@@制作##[S]与@@整理##[S]。
",,,
145,监控开支,S,no_match,custom:skill/4a54ebf1a080,[CUSTOM] 监控开支 (self-defined),0.0,1732,浙江华飞电子基材有限公司,销售经理,上海,日语,"主要职责：
1、 确保@@销售策略和计划的实施##[S]，并对@@销售业绩进行评估和分析##[S]。
2、负责公司的@@市场推广##[S]和@@销售工作##[S]，@@收集##[S]和@@整理市场信息##[S]。
3、与客户@@建立积极的关系##[T]，并@@维护公司的形象和声誉##[T]。
4、 @@制定销售预算##[S]，@@监控开支##[S]，并确保公司保持财务稳健。
5、 @@参与销售投标",,,
146,表格处理,S,no_match,custom:skill/780f5725446b,[CUSTOM] 表格处理 (self-defined),0.0,4969,武汉光庭信息技术股份有限公司,财务BP,武汉,日语,"来源：马 克 数 据 网        一、工作职责：
1.预算管理：协助组织业务部门内的预算编制，深入了解业务，根据业务的执行情况，提出合理化建议与意见，分析财务事项，向管理团队提供及时有效的财务状况及经营状况分析；
2.费用审核：对业务部门的费用报销和对外付款进行审核；
3.成本管理：控制、评价成本，完善成本基础资料；
4.指标分配及核算：对部门各项经营指标进行拆解和分配，并提供数据支持，定期",,,
147,风控,S,no_match,custom:skill/d9bbc63dcd68,[CUSTOM] 风控 (self-defined),0.0,82,江苏林洋新能源科技有限公司,海外项目商务经理（BD）,南京,通用小语种,"职责：
负责海外光伏项目的@@开发##[S]和@@商务工作##[S]；
协助@@申报并处理当地相关项目手续##[S]，包括但不限于@@开发##[S]、@@建设##[S]、@@验收##[S]等;
独立@@执行和管理复杂项目的开发/业务工作##[S]（如同时处理2-3个或以上项目）；
负责或参与@@招投标工作##[S]；
参与项目的@@执行##[S]、@@监督和管理工作##[S]，与项目执行过程中的相",,,
148,汇报公司经营状况,S,no_match,custom:skill/eb6144d368cf,[CUSTOM] 汇报公司经营状况 (self-defined),0.0,1004,无锡和晶科技股份有限公司,海外业务财务主管(和晶智能）,无锡,西班牙语,"岗位职责：
1、海外业务的@@财务日常核算##[S]工作
2、海外业务的@@费用支付审核##[S]
3、@@年度财务预算编列##[S]及@@分析管理##[S]
4、@@成本及费用分析##[S]
5、@@资金计划与管理##[S]
6、@@费用报销##[S]及其他@@支出审核##[S]
7、配合公司@@年度审计##[S]
8、@@协调处理##[S]当地政府机关、金融机构、中介机构工作
9、向上级主管@",,,
149,把控交付质量,S,no_match,custom:skill/83a1b9ddf465,[CUSTOM] 把控交付质量 (self-defined),0.0,1144,视研智能科技（广州）有限公司,高级产品经理（工业自动化）,广州,通用小语种,"岗位职责：
1、了解ToB产品模式，与销售、方案、一线调试团队协同，深入@@挖掘和理解用户需求##[S]及市场需求，@@洞察市场及竞品动态##[S]。
2、根据客户需求进行@@产品规划设计##[S]。
3、与研发、项目团队协同，@@制定产品技术路线##[S]、@@研发计划##[S]、@@编写需求分析文档##[S]、@@跟踪研发进度##[S]、@@把控交付质量##[S]，@@推动解决方案产品化##[",,,
150,制定8D报告,S,no_match,custom:skill/0a29914c4520,[CUSTOM] 制定8D报告 (self-defined),0.4806,2318,星源材质（南通）新材料科技有限公司,品质工程师（韩语）,南通,韩语,"1、 负责产品生产过程整体@@质量控制##[S]，推进产品质量问题的@@改善##[S]及效果跟踪验证；
2、针对产品关键质量问题建立@@产品质量控制标准##[K]；
3、对@@检验方法##[K]和@@检验标准##[K]进行比较、@@分析##[S]、@@验证##[S]以及@@更新##[S]；
4、根据客户反馈投诉进行@@原因分析##[S]，@@制定8D报告##[S]并@@组织实施质量改进计划##[S",,,
151,工作仔细认真,T,matched,http://data.europa.eu/esco/skill/83e6510b-ffeb-4aec-959c-4265fd0ff7b7,attend to detail,0.6171,3462,江苏海隆软件技术有限公司,日语秘书,南京,日语,"日语秘书岗位职责
1、@@部门内部文件的书面翻译##[S]，以及对日@@往来邮件确认回复##[S]；
2、部门来宁客户的@@接待工作##[S]，@@用车安排##[S]等；
3、部门内部赴日出差人员@@管理##[S]，@@签证手续对接##[S]相关部门协助办理；
4、部门内部事务的@@整理确认##[S]，相关单据@@报销##[S]等事宜；
5、部门领导指示的@@传达##[S]，@@跟进##[S]等工",,,
152,高效沟通,T,matched,http://data.europa.eu/esco/skill/b080a008-a35d-4bd0-92e9-edf3773bb2b7,use communication and collaboration software,0.5625,4917,八方电气(苏州)股份有限公司,业务经理（电摩事业部）,苏州,"日语, 通用小语种","工作职责：
1、	根据电摩销售部年度、季度、月度等计划@@完成个人的销售目标##[S]。
2、	@@分析每月个人目标完成情况##[S]并@@汇报给上级##[S]，积极@@总结问题##[S]，@@反馈问题##[S]，@@解决问题##[S]，善于@@沟通##[T]，能够对个人销售成本准确@@把控##[S]。
3、	积极@@开发新客户##[S]，定期@@维护老客户##[S]，在现有技术平台基础上@@引进",,,
153,积极主动性,T,matched,http://data.europa.eu/esco/skill/ef7562b2-f176-4d7c-a0b2-27ae8cce0b7d,react to physical changes or hazards,0.6358,897,江南模塑科技股份有限公司,商务助理,无锡,西班牙语,"工作职责：
1、协助商务总监@@对接海外客户##[S]；
2、负责全球新产品新客户的@@市场开发##[S]；
3、负责领导交代的临时性事务。
任职资格:
1、@@西班牙语##[L]可作为工作语言；有留学经验者优先考虑；
2、本科及以上学历，专业不限，工科背景优先；
3、有一至三年商务工作经验；优秀的应届毕业生亦可；
4、性格外向，工作有责任心，@@积极主动性##[T]强，有较好的@@沟通能力##[",,,
154,理解并尊重不同文化,T,matched,http://data.europa.eu/esco/skill/5ca953f7-541d-4f67-bc55-7721348366cf,respect the diversity of cultural values and norms,0.5976,4156,肇庆铭利达科技有限公司,海外工厂经理,肇庆,通用小语种,"岗位职责：
1.市场拓展与维护：负责海外市场的@@拓展##[S]及@@维护##[S]，业务运营与管控。关注行业发展动态和市场变化趋势，为公司的业务发展提供决策参考。积极收集、整理、分析竞争对手的市场信息、行业动态等信息。
2.经营计划制定：@@制定年度经营计划##[S]并监督执行。
3.管理制度建立：根据业务发展需要@@建立和完善各项管理制度、流程、规范和标准体系##[S]。
4.日常事务管理：统",,,
155,动手操作能力,T,matched,http://data.europa.eu/esco/skill/b40584aa-7c63-4eed-9422-a9798fb95fdc,improvise,0.624,3797,常州华数锦明智能装备技术研究院有限公司,机械工程师（双语）,重庆,"德语, 法语, 通用小语种","岗位职责：
1、系统掌握@@公司内部核心产品知识##[K]和@@工业自动化流程##[K]
2、为客户非标设备需求提供完整的@@设计概念##[S]与@@解决方案##[S]
3、参与自动化部门的@@技术沟通##[T]，@@团队协作流程##[T]和@@项目管理##[S]
4、为客户提供相应的@@技术服务##[S]与@@技术咨询##[S]
5、能支持设备现场@@装配##[S]、及@@验收##[S]
任职资",,,
156,联系沟通,T,matched,http://data.europa.eu/esco/skill/b080a008-a35d-4bd0-92e9-edf3773bb2b7,use communication and collaboration software,0.599,1300,中国电建市政建设集团有限公司,法语翻译,天津,"法语, 通用小语种","中国电建市政建设集团中西非公司
法语翻译岗位招聘公告
中国电建市政建设集团有限公司（STECOL CORPORATION）是世界500强企业---中国电力建设集团有限公司旗下***方阵特级企业，是一家具备大型基础设施投资建设、工程承包与运营管理能力的央企建筑集团，总部位于天津市滨海高新区，注册资本金30亿元，总资产334亿元，2023年度营业收入超过230亿元。
根据中国电建市政建设集团中西非分公",,,
157,有效把握工作节奏,T,matched,http://data.europa.eu/esco/skill/7a93e22f-54d8-4bf0-9213-d711f6601b49,work efficiently,0.533,2708,浙江宇视科技有限公司,海外销售经理（拉美）,杭州,葡萄牙语,"工作职责
1、负责公司在海外市场的@@推广工作##[S]，包括@@建设产品品牌##[S]，@@拓展和维护客户##[S]； 
2、负责区域客户的@@项目支持和跟踪##[S]； 
3、@@完成海外市场销售目标和市场目标##[S]，@@收回销售货款##[S]； 
4、@@跟进产品售后服务##[S]，@@制定销售预测##[S]；

任职要求
1、有两年及以上@@海外销售经验##[S]且接受常驻； 
2、本",,,
158,策划能力,T,matched,http://data.europa.eu/esco/skill/e49f4158-9d4c-425d-bf32-dfe89b19840a,plan,0.6114,552,湖南裕能新能源电池材料股份有限公司,外贸负责人,湘潭,"法语, 通用小语种","【岗位职责】
1、负责国外区域或行业客户的@@开发销售##[S]；
2、对重要合作伙伴进行@@开拓##[S]、@@沟通与管理##[S]；
3、寻找新的销售商机，保障市场稳健发展，@@执行市场推广销售方案##[S]；
4、负责区域内项目的@@洽谈##[S]、@@项目执行##[S]及回款工作，完成销售任务；
5、@@掌握竞争对手的市场动态##[K]，@@收集市场信息##[S]，协助管理层@@制定年销售",,,
159,分析解决问题能力,T,matched,http://data.europa.eu/esco/skill/a628d2d1-f40a-4c37-a357-2801726f2996,identify problems,0.5717,86,美尚(广州)化妆品股份有限公司,研发工程师,广州,"日语, 韩语","岗位职责：
1、负责彩妆产品新项目的@@研发##[S]，完成各种产品的@@测试##[S]、@@工艺及标准制定##[S]等相关事宜，达成新产品开发目标；
2、处理自己负责的品类产品的生产等质量问题，为工厂提供@@技术支持##[S]；
3、主导自己负责的品类在线产品@@配方/工艺改良##[S]；
4、主导自己负责的品类OEM新项目的@@跟进和测试##[S]。

任职要求：
1、精细化工、食品、药品等专",,,
160,团队管理和领导能力,T,matched,http://data.europa.eu/esco/skill/75d8e5d9-bef3-418b-9011-01bff9f27207,lead others,0.573,4036,锦浪科技股份有限公司,市场部副经理(J10362),宁波,通用小语种,"工作职责:
职位概述：

负责协助市场部经理（副总经理）制定和执行市场营销策略，管理市场团队，监测市场趋势，以确保公司品牌、产品和服务的有效推广，实现业务增长目标。

主要职责：

1、协助市场部经理@@制定市场营销战略和计划##[S]，确保与公司整体战略目标一致。
2、负责@@监督和执行市场活动##[S]，包括线上线下推广、广告投放、公关活动等，以扩大品牌知名度和市场份额。
3、@@管理市场团队",,,
161,诚信为本,T,matched,http://data.europa.eu/esco/skill/bcf002ce-90f8-42e5-ac1b-5dba208639b0,demonstrate trustworthiness,0.6767,842,海通食品集团有限公司,日语外贸销售,宁波,日语,"主要职责：
1、负责公司东南亚、欧美国家国际贸易业务的@@拓展##[S]和@@销售##[S]，@@建立良好的业务关系##[S]，@@完成销售目标##[S]。
2、 @@维护与现有客户的良好沟通##[S]，及时@@了解客户需求##[S]，提供满意的服务，以@@巩固现有客户关系##[S]。
3、@@开发新客户##[S]，@@了解客户需求##[S]，提供@@专业的解决方案##[S]，以@@赢得新客户##",,,
162,协作能力,T,matched,http://data.europa.eu/esco/skill/60c78287-22eb-4103-9c8c-28deaa460da0,work in teams,0.5556,606,苏美达国际技术贸易有限公司,运营专员岗,南京,通用小语种,"来自：马 克 团 队      岗位职责:
围绕公司机电设备相关的进出口业务，进行前期@@行业调研##[S]、@@外商沟通##[S]、@@展会支持##[S]等工作，配合业务转型中对新区域、新模式、新业务的调研。
任职要求：
1、**本科及以上学历，@@语言类专业背景##[K]；
2、在校学生经验丰富，如担任学生干部；
3、@@语言专业背景##[K]扎实，具备相应@@证书##[L]；
4、活泼积极，",,,
163,逻辑缜密,T,matched,http://data.europa.eu/esco/skill/4707da90-9cfc-46ca-8de0-38a0b7bfb137,think analytically,0.501,2781,杭州中欣晶圆半导体股份有限公司,海外销售总监,杭州,日语,"岗位职责：
1、负责完成次年度海外销售预算案以及经营策略案，提供公司领导及财务部门核实确认；
2、根据公司制订年度海外销售预算，按月份、季度、每半年、每年度负责追踪销售预算指标；
3、负责汇总所有客户三个月内的海外销售预测计划、订单总量，提供采购及生管部门安排购料及生产；
4、根据公司要求之事业部利润指标，负责与事业部部门长协商，管理各客户之价格策略；
5、负责管理各销售人员及应用技术人员的月度出",,,
164,学习与表达沟通能力,T,matched,http://data.europa.eu/esco/skill/699e7c26-6502-4e78-a823-3656ff5a5b8b,instruct others,0.5643,5104,鑫百勤专用车辆有限公司,销售工程师（越南籍）,宁波,越南语,"岗位职责：
1、前期@@方案设计##[S]，配合机电下属公司销售部完成前期的方案设计，同时负责向客户@@宣讲##[S]； 
2、合同执行阶段，负责机电下属公司合同执行阶段，包括@@工艺图纸设计##[S]、@@工程安装图的绘制##[S]，@@工程BOM清单的下发##[S]； 
3、负责将设备安装的工艺条件图提交给各公司，并参与其中的@@设计对接##[S]及@@图纸汇审##[S]；
4、海外项目设备安",,,
165,态度,T,matched,http://data.europa.eu/esco/skill/469748ce-051a-407e-9099-0c9415ac2705,approach challenges positively,0.5663,888,中集宜客通零部件有限公司,海外业务销售（西班牙语）,上海,西班牙语,"工作职责：
1.负责海外市场（西语国家）集装箱的@@渠道开发与合作##[S]；
2. @@调研区域内市场容量##[S]、各商用车品牌@@市场占有率##[S]、@@客户消费倾向##[S]和@@客户信息##[S]；
3. 理解上级和团队整体业务发展方针、计划以及下达的任务，并@@贯彻计划和任务的执行##[S]；
4. 协助或负责@@商务谈判##[S]，完成@@合同签订##[S]、@@货款回收##[S]",,,
166,活动企划能力,T,matched,http://data.europa.eu/esco/skill/ef7562b2-f176-4d7c-a0b2-27ae8cce0b7d,react to physical changes or hazards,0.5766,518,广汽丰田汽车有限公司,汽车座舱成本工程师,广州,日语,"工作职责:
1、负责@@智能座舱部品的成本模型搭建##[S]、@@成本分析##[S]及@@目标成本设定##[S]
2、协助开展@@降本设定##[S]及@@达成部品成本目标##[S]的工作
3、负责@@车型及电子类部件成本低减活动的企划##[S]及@@推进##[S]

任职资格:
1、本科及以上学历，具备3年以上汽车零部件企业的@@成本企划##[S]、@@成本改善经验##[S]，有较好的@@活动企划",,,
167,团队管理能力,T,matched,http://data.europa.eu/esco/skill/75d8e5d9-bef3-418b-9011-01bff9f27207,lead others,0.469,55,锦浪科技股份有限公司,市场部副经理(J10362),宁波,通用小语种,"负责协助市场部经理（副总经理）@@制定市场营销策略##[S]和@@计划##[S]，@@管理市场团队##[S]，@@监测市场趋势##[S]，以确保公司品牌、产品和服务的有效推广，实现业务增长目标。

主要职责：

1、协助市场部经理@@制定市场营销战略##[S]和@@计划##[S]，确保与公司整体战略目标一致。
2、负责@@监督##[S]和@@执行市场活动##[S]，包括@@线上线下推广##[S]、",,,
168,工作主动,T,matched,http://data.europa.eu/esco/skill/7a93e22f-54d8-4bf0-9213-d711f6601b49,work efficiently,0.5708,3358,武汉华工激光工程有限责任公司,海外销售工程师,武汉,"俄语, 日语, 法语, 西班牙语, 韩语","岗位职责：
1.完成所辖区域的销售任务，负责区域代理商及大客户的@@网络建设##[S]及@@日常维护##[S]。
2.协助销售主管完成电子行业@@推广工作##[S]，参与所辖区域@@商务谈判##[S]和其他商务活动；
3.@@收集海内外竞争对手信息##[S]，为公司@@制定销售策略##[S]提供数据支持。

任职要求：
1.大学本科（@@国际贸易##[K]或@@机械电气相关专业##[K]）及以上。",,,
169,领导技巧和才能,T,matched,http://data.europa.eu/esco/skill/75d8e5d9-bef3-418b-9011-01bff9f27207,lead others,0.521,2834,无锡宝通科技股份有限公司,商务总监,无锡,通用小语种,"岗位职责：
1.协助制定公司发展战略规划、经营计划、业务发展计划，确保公司的经营管理目标及发展目标得以实现；
2.将公司内部管理制度化、规范化，制定公司组织结构和管理体系、相关的管理、业务规范和制度；
3.组织、监督公司销售业务规划和计划的实施，并对整个过程和结果负责；
4.按时提交公司发展现状报告、发展计划报告，为公司的决策提供支持；
5.负责区域渠道客户拓展，完成客户询价，招投标管理和日常关系",,,
170,计划性强,T,matched,http://data.europa.eu/esco/skill/e49f4158-9d4c-425d-bf32-dfe89b19840a,plan,0.542,4428,广汽丰田汽车有限公司,总装设备工艺工程师,广州,日语,"工作职责:
1、根据业务流程及相关标准文件，@@推进总装生产线新车型设备工艺规划##[S]、@@设备技术文件制定##[S]、@@设备导入##[S]等一系列生产准备工作；
2、负责@@新四化领域业务的探索与导入应用##[S]；对业务范围内@@新技术、新工艺及行业前沿发展趋势进行可行性分析##[S]，@@推进生产工艺革新##[S]，@@打造智慧总装车间##[S]；
3、负责@@车辆SE检讨活动##[S",,,
171,思维逻辑性,T,matched,http://data.europa.eu/esco/skill/4707da90-9cfc-46ca-8de0-38a0b7bfb137,think analytically,0.5956,4473,汕尾粤海清源环保有限公司,讲解员,汕尾,通用小语种,"工作内容：
1、负责外来参观接待讲解事宜，脱稿讲解发言；
2、引导参观人员，根据参观路线讲解，讲解时间大约15分钟；
3、接受运营部门培训，负责水厂参观路线的运行解读及详细情况；
4、无参观活动时，辅助行政综合部完成相关工作内容；

要求：
1、	大学专科及以上学历（播音主持、汉语言文学、旅游专业、外语专业优先）；
2、	形象佳、气质好；
3、	@@普通话##[L]标准；
4、	@@语言表达能力#",,,
172,交流沟通,T,matched,http://data.europa.eu/esco/skill/b080a008-a35d-4bd0-92e9-edf3773bb2b7,use communication and collaboration software,0.5814,722,上海微创软件股份有限公司,日语技术支持工程师,上海,日语,"岗位职责： 
该职位的员工主要为Azure VM 产品提供@@日语技术支持##[S]，确保客户对于微软的服务与产品持续地认可与满意。 
 
岗位要求： 
1. @@日语##[L]听说读写精通，可与日本客户正常@@交流沟通##[T]； 
2. 对微软Azure云技术感兴趣，具备良好的@@学习能力##[T]； 
3. 理解@@技术支持工作内容##[K]，愿意在IT行业长期发展； 
4. 理工科专业或有",,,
173,工作细致,T,matched,http://data.europa.eu/esco/skill/83e6510b-ffeb-4aec-959c-4265fd0ff7b7,attend to detail,0.5818,2357,江苏赛福天集团股份有限公司,外贸专员,无锡,通用小语种,"1、@@开发客户##[S]：处理询盘，多维度有效客户开发，包括：邮件、电话、即时通讯；与技术部协作，促成成交。 
2、@@跟进订单##[S]：根据客户订单要求，@@跟进生产##[S]，保证交货日期； 
3、@@单证制作##[S]：@@报关资料##[S]、@@清关资料##[S]、@@信用证##[S]和@@产地证##[S]等； 
4、@@安排发货计划##[S]：及时@@收回应收尾款##[S]，保证货物",,,
174,识别关键问题,T,matched,http://data.europa.eu/esco/skill/a628d2d1-f40a-4c37-a357-2801726f2996,identify problems,0.6004,714,海立马瑞利（无锡）汽车热管理系统有限公司,CQE,无锡,日语,"岗位职责
1.协调客户现场的质量问题处理，监督内部遏制措施的执行。 2.客户退货进行检验和测试，判定退货状态和退货反馈的符合性，熟练运用退件分析流程对故障件进行分析确认。 3.协同技术部门调查、分析故障原因。
4.8D报告的推进和编制，确保改善措施的实施，并验证其有效性。 5.售后质量信息的统计分析以及内部产品信息的追溯：质量指标的统计分析，如退货数、PPM，3MIS等、三包费用、外部损失成本等；",,,
175,领导和管理团队,T,matched,http://data.europa.eu/esco/skill/75d8e5d9-bef3-418b-9011-01bff9f27207,lead others,0.533,2231,万得信息技术股份有限公司,数据分析,扬州,通用小语种,"工作内容：
我们的公司正在寻找一位经验丰富、具有卓越的分析技能和领导能力的数据分析师经理。该职位的主要职责包括：
* 负责公司的@@数据分析工作##[S]，确保数据被准确、及时地@@收集##[S]、@@处理##[S]、@@存储##[S]和@@备份##[S]；
* @@制定并实施数据分析策略##[S]，确保数据为业务决策提供可靠的支持；
* @@领导和管理团队##[T]，确保数据分析工作的顺利实施；",,,
176,自主创新能力,T,no_match,custom:transversal/727abac8bea6,[CUSTOM] 自主创新能力 (self-defined),0.4945,540,宁波均普智能制造股份有限公司,机械设计工程师 (MJ000333),苏州,通用小语种,"岗位职责：
1.消化设计输入文件，并与项目组进行双向@@沟通##[T]；
2.@@设计并绘制装配总图及零部件图##[S]，并参加对应项目的@@方案评审##[S]；
3.@@外协部件的方案审核##[S]，以及@@外协数模的有效性检查##[S]；
4.@@零件图纸的下发##[S]，@@采购清单的制作##[S]，以及@@数据的上传##[S]，@@看板的更新##[S]；
5.@@零件加工进度及采购进度的跟",,,
177,语言沟通能力,T,no_match,custom:transversal/2556bba3be3c,[CUSTOM] 语言沟通能力 (self-defined),0.4988,143,康跃科技（山东）有限公司,国际贸易业务员,潍坊,俄语,"1.负责海外市场拓展及销售任务，拓展海外市场；2.负责海外市场信息的收集及反馈；3.负责公司国际项目的洽谈及国外客户的接待工作；4.参加国际展会等
职位要求：本科及以上学历，@@俄语##[L]、@@国际贸易##[K]相关专业，有良好的@@语言沟通能力##[T]。",,,
178,市场敏锐度,T,no_match,custom:transversal/bfc343f32712,[CUSTOM] 市场敏锐度 (self-defined),0.4674,631,苏州力源液压有限公司,俄语外贸专员,苏州,俄语,"公司主要生产高压柱塞液压泵、液压马达、减速机、阀等系列产品，配套于挖掘机、起重机、旋挖钻机、高空作业平台车、混凝土机械等工程机械以及联合收割机、玉米收割机、履带式拖拉机等农业机械。

诚邀液压方面优秀人才加入，公司提供有吸引力的薪酬+年度奖金，如没有相关行业经验，Please do not deliver，岗位灵活，无需坐班，但需要保持高效的工作状态和良好的@@时间管理能力##[T]，接受中俄两地",,,
179,承压能力,T,no_match,custom:transversal/eaae8655380b,[CUSTOM] 承压能力 (self-defined),0.4785,279,大连依利特分析仪器有限公司,国际销售经理,大连,阿拉伯语,"岗位职责：
负责@@气相色谱、液相色谱、质谱仪器##[K]，及上述仪器相关耗材的@@销售##[S]。
任职要求：
1、本科及以上学历，@@分析化学##[K]、@@英语##[L]或@@阿拉伯语##[L]等相关专业。
2、熟悉@@色谱、质谱等分析仪器##[K]。
3、具有较强的@@执行力##[T]及@@沟通能力##[T]，@@销售经验##[K]丰富。
4、有敏锐的@@市场洞察力##[T]，具有较强的@",,,
180,适应海外出差,T,no_match,custom:transversal/18b287ab7021,[CUSTOM] 适应海外出差 (self-defined),0.3394,3329,京东方科技集团股份有限公司,海外HRSSC业务专家(J47531),北京,"西班牙语, 通用小语种","工作职责:
1、根据公司海外业务发展战略，制定HRSSC海外运营策略并推动实施；
2、根据海外各区域特点，因地制宜制定HRSSC各相关业务管理制度规范，包括：人事管理、薪酬福利、考勤、合规等模块；
3、负责统筹海外人事运营业务，确保业务流程高效，提升整体工作效率；
4、负责海外薪酬体系设计、激励方案制定等工作；
5、负责海外人力资源服务供应商的寻源与管理；
6、负责协助HRBP处理海外员工关系问题",,,
181,口头与书面表达能力,T,no_match,custom:transversal/ad10a2eb65bf,[CUSTOM] 口头与书面表达能力 (self-defined),0.4619,432,杭州朗鸿科技股份有限公司,平面及工业设计师,杭州,通用小语种,"1.产品造型设计能力：
o熟练掌握@@3D建模软件##[S]（如@@Rhino##[S], @@SolidWorks##[S], @@SketchUp##[S]等），能够独立完成产品从概念到原型的@@三维设计##[S]。
o理解@@产品制造工艺与材料特性##[K]，确保@@设计方案的可实现性##[S]。
o具备@@用户体验设计思维##[K]，能够设计出既美观又实用的产品形态。
2.平面设计能力：
",,,
182,协助客户解决,T,no_match,custom:transversal/0001118b2e55,[CUSTOM] 协助客户解决 (self-defined),0.4348,2933,深圳市三多乐智能传动有限公司,业务员（注塑行业）,深圳,日语,"岗位职责：
1、@@维护##[S]并深入@@挖掘现有客户##[S]，主动@@开发新客户##[S]，@@收集客户信息##[S]并及时反馈
2、定期@@拜访客户##[S]，保持良好@@商务互动##[T]
3、及时了解项目中的问题，@@协助客户解决##[T]
4、@@销售合同##[S]、@@报价单制作##[S]，@@开票回款确认##[S]
5、@@跟踪产品从报价到定点到量产的全流程##[S]

任职要求",,,
183,报告写作能力,T,no_match,custom:transversal/5beffa6f9155,[CUSTOM] 报告写作能力 (self-defined),0.0,2916,京东方科技集团股份有限公司,运营审计岗(J44327),北京,通用小语种,"工作职责:
1.02定期对公司财务报表进行@@分析##[S]并@@审计##[S]，合理保证财务报表的真实性、准确性；
2.02定期对公司业务经营情况进行@@审计调研##[S]，对接各业务部门需求，向管理层及时提示经营风险等；
3.02组织或参与开展北京、青岛和鄂尔多斯等地区公司的经济责任审计、内控审计、合规审计、效能审计及专项调查等审计项目，负责@@编制审计方案##[S]、@@审计底稿##[S]，",,,
184,采购渠道拓展能力,T,no_match,custom:transversal/502592855ab3,[CUSTOM] 采购渠道拓展能力 (self-defined),0.3927,4849,南京茂莱光学科技股份有限公司,采购工程师,南京,通用小语种,"岗位职责：
1.负责相关采购品类(比如机加工件，光学件，电子件等)的物料的供应商@@询价##[S]，@@比价##[S]，@@以价##[S]和@@供应商定点##[S]、@@谈判##[S]与@@合同签订##[S]等采购业务工作。
2.负责@@统计供应商交货及时率、到货合格率等数据##[S]，负责@@供应商关系的维护##[S]和企业在供应商行业的信誉维护和提升。
3.负责与质量检验部门的@@协同##[S",,,
185,售后满意度,T,no_match,custom:transversal/7f1f1d911296,[CUSTOM] 售后满意度 (self-defined),0.4843,2934,江苏常宝钢管股份有限公司,俄语,常州,俄语,"任职资格：
1.具备无障碍通同客户进行@@口头##[S]和@@书面交流能力##[S]；
2.热爱销售，有@@团队精神##[T]，有强烈的@@进取心##[T]，对工作认真、细致、负责；
3.能吃苦耐劳，具备@@开拓创新精神##[T]，@@抗压能力##[T]强。
岗位职责：
1.利用各类资源，自主@@开发客户##[S]，@@维护现有客户##[S]，@@挖掘客户潜在的其他需求##[S]，直至成交；处理客",,,
186,语言组织能力,T,no_match,custom:transversal/e7474380fcf1,[CUSTOM] 语言组织能力 (self-defined),0.0,360,南京奥联汽车电子电器股份有限公司,韩语翻译,北京,韩语,"【工作内容】
- 负责韩国客户会议现场@@同声翻译##[S]
【任职要求】
- 具备良好的@@韩语##[L]听、说、读、写能力，有较高的@@翻译技巧##[S]和@@专业素养##[T]；
- 拥有@@韩语翻译证书##[L]者优先考虑；
- 熟悉@@商务沟通##[T]和@@文档撰写##[S]，具备较强的@@语言组织能力##[T]和@@逻辑思维能力##[T]；
- 工作认真负责，具有良好的@@团队合作精",,,
187,口头沟通,T,no_match,custom:transversal/3d9440d43534,[CUSTOM] 口头沟通 (self-defined),0.4399,3033,成都长城开发科技股份有限公司,海外现场项目助理（俄语）,成都,俄语,"【岗位职责】
1.负责在项目现场与业主日常工作@@沟通##[T]，如日常信函的@@起草##[S]，现场会议记录及@@翻译工作##[S]；
2.协助项目经理及施工经理@@管理##[S]及@@协调分包商施工工作##[S]；
3.负责处理产品发货及现场验收事宜，如产品发货排期及跟单文件的@@核对##[S]，现场安排业主进行@@验收##[S]；
4.负责日常业主收款及分包商付款流程的协助，如@@开立收款发",,,
188,互动,T,no_match,custom:transversal/a30b999b1541,[CUSTOM] 互动 (self-defined),0.0,343,周大生珠宝股份有限公司,Tik Tok主播（泰语）-J4444Y,深圳,泰语,"岗位职责
1. 负责公司珠宝产品海外Tik Tok平台的@@直播##[S]工作，@@讲解产品的特点##[S]，与粉丝@@互动##[T]，@@引导销售##[S]；
2.根据营销节点方案，负责@@统筹和制定月度/直播方案##[S]和@@直播销量规划##[S]；
3.针对直播中出现的各项异常问题及时@@总结复盘##[S]，并@@给出解决方案##[S]；
4.根据业务需求和对标同类型直播，快速@@迭代直播",,,
189,擅长维护客户关系,T,no_match,custom:transversal/7368ce42e9b1,[CUSTOM] 擅长维护客户关系 (self-defined),0.4375,3526,浙江宇视科技有限公司,海外销售经理（东南亚）,杭州,通用小语种,"岗位职责:
1、负责公司在东南亚某个市场的推广工作，包括@@建设产品品牌##[S]，@@拓展和维护客户##[S]；
2、负责区域客户的@@项目支持和跟踪##[S]；
3、完成东南亚某个市场@@销售目标##[S]和@@市场目标##[S]，@@收回销售货款##[S]；
4、@@跟进产品售后服务##[S]，@@制定销售预测##[S]。
任职要求:
1、有相关行业销售经验者优先；
2、本科及以上学历，计算",,,
190,内外部资源整合能力,T,no_match,custom:transversal/1d23e11d6cda,[CUSTOM] 内外部资源整合能力 (self-defined),0.4273,3196,乐歌人体工学科技股份有限公司,采购寻源工程师（越南） (MJ001726),宁波,越南语,"岗位职责：
1、负责@@ODM厂商的开发及导入工作##[S]，包括@@寻源##[S]、@@评审##[S]、@@审厂##[S]、@@商务条件谈判##[S]、@@合同签订##[S]以及@@供应商建档##[S]等；
2、负责新项目委外工厂的@@评审与选定工作##[S]；
3、负责委外工厂的@@试产费用、量产价格、异常费用的核算与谈判##[S]，熟知@@整机BOM成本管理模型##[K]，熟悉@@各类物料资",,,
191,亲和力强,T,no_match,custom:transversal/5a33b8980c7a,[CUSTOM] 亲和力强 (self-defined),0.4096,1677,中材宁锐（南京）国际物流有限公司,国际物流操作,南京,法语,"岗位职责：
1.负责跟进部门日常@@物流操作##[S]，包括：@@货物卸船##[S]、@@清关##[S]、@@运输##[S]等；
2.@@控制业务操作成本##[S]，对接客户做好@@业务款项对账##[S]，@@收款##[S]，并及时@@完成结单##[S]；
3.@@更新并发送业务日报及周报##[S]
4.参与@@制定部门物流运作预算##[S]；
5.@@制定物流解决方案##[S]，提升@@客户满意",,,
192,演讲表达能力,T,no_match,custom:transversal/75d128b4e2af,[CUSTOM] 演讲表达能力 (self-defined),0.4996,2319,深圳市星源材质科技股份有限公司,工艺技术员,佛山,通用小语种,"岗位职责：
1.相应区域@@技术点检##[S]、@@工艺和产品质量监督##[S]，及时发现现场问题；
2.相应区域@@质量标准##[K]、@@工艺标准##[K]、@@操作标准##[K]的@@制定##[S]、@@修改##[S]及@@监督执行##[S]；
3.相应区域@@设备有效利用率##[K]、@@收得率##[K]、@@合格率##[K]及影响因素等@@工艺技术分析##[S]；
4.对相应区域的@@设",,,
193,控制,T,no_match,custom:transversal/06ea661a71b8,[CUSTOM] 控制 (self-defined),0.4218,3111,广州福耀玻璃有限公司,产品质量工程师,广州,"日语, 韩语","岗位概述: 
识别客户要求并转化为内部质量控制标准；对前期产品进行质量策划，推动新产品成功进入量产；对前期产品进行产品和过程确认，反馈、评定、纠正措施及经验交流总结。 
岗位职责: 
1、负责新产品立项初期客户标准的消化、转换。参与客户图纸的评审，并与PE协同制定产品特殊特性的清单，并制定产品质量标准，包括外观标准； 
2、负责主导完成法规、客户要求的产品认证； 
3、负责测量系统、实验设备、实验",,,
194,更新意识,T,no_match,custom:transversal/4f16bd98e652,[CUSTOM] 更新意识 (self-defined),0.4567,76,上海微创软件股份有限公司,英语技术支持,上海,通用小语种,"项目描述：
Office&nbsp;365&nbsp;Technical&nbsp;Support&nbsp;team负责微软Office365产品相关的售后技术问题。涉及包括Exchange&nbsp;Online,&nbsp;SharePoint&nbsp;Online,&nbsp;OneDrive&nbsp;For&nbsp;Business,&nbsp;Teams等产品。主要面向微软全球企",,,
195,专注,T,no_match,custom:transversal/756ea99d9fbd,[CUSTOM] 专注 (self-defined),0.0,1854,南昌同兴达精密光电有限公司,QS体系工程师,南昌,"日语, 通用小语种","岗位职责：
1、负责公司@@IATF16949##[K]、及@@环境管理体系##[K]的建立及维护，确保流程与实际运行的一致；
2、主导客户及第三方的审核，以及审核问题点的闭环管理；
3、体系内审、管理评审的策划及体系运行指标的收集监控；
4、主导持续改善的策划及运行；
5、 文控的管理；
6、客户及法律法规HSF要求之获得及整理，厂内HS要求之制定；
7、产线HS物质鉴别和处理，及原材及成品之H",,,
196,市场捕捉和判别能力,T,no_match,custom:transversal/7592abc27a1b,[CUSTOM] 市场捕捉和判别能力 (self-defined),0.4516,2279,合肥芯碁微电子装备股份有限公司,（社招）销售工程师,,"日语, 泰语, 通用小语种","岗位职责：
1、@@执行公司销售策略##[S]，运用@@销售技巧##[S]创造销售机遇，@@开发新客户##[S]，达成销售目标；
2、根据销售任务@@制定销售计划##[S]，并定期@@提交销售报告##[S]；
3、@@客户拜访##[S]、@@营销推广##[S]，开展各类销售活动，全面负责客户的整个销售进程；
4、协同客户服务，为客户提供专业的@@解决方案##[S]、@@售后服务##[S]和@@技术",,,
197,风险意识和危机处理能力较强,T,no_match,custom:transversal/1b0b64568cdd,[CUSTOM] 风险意识和危机处理能力较强 (self-defined),0.4754,477,深圳市瑞凌实业集团股份有限公司,海外区域经理（上市公司/周末双休）,深圳,"德语, 法语, 西班牙语, 通用小语种","岗位职责：
1.负责海外区域渠道销售的开拓和管理工作，引导客户需求，开拓新客户，维护好新老客户关系；
2.承接所负责海外区域的销售目标；
3.负责海外区域的团队管理工作。
任职要求：
1.本科以上学历，具有优秀的@@外语技能##[L]（@@英语##[L]和@@西班牙语##[L]/@@德语##[L]/@@法语##[L]双语优先），
2.5年以上销售工作及市场开发经验，良好的@@沟通能力##[T]。
",,,
198,读写能力,T,no_match,custom:transversal/a3dce9b670ae,[CUSTOM] 读写能力 (self-defined),0.4287,1400,广州华智汽车部件有限公司,财务,广州,泰语,"岗位职责：
1、费用报销 ：按照公司报销制度，依据经审核的原始凭证，准确、及时办理各项报销业务。
2、会计核算：监督现金及银行存款的收付业务和转账业务；严格按照财务制度负责全公司日常费用报支的审核，确保费用归属正确性。
3、收入管理：计提客户年降及模具费、面套收入, 核算技术提成费及入账SAP, 客户对账开票及入账,客户价格审核,客户年度补差核对及清算影响损益金额,客户模摊。
4、总账及报表出具：",,,
199,建立良好关系,T,no_match,custom:transversal/4c194098c32f,[CUSTOM] 建立良好关系 (self-defined),0.449,4591,广东日出东方空气能有限公司,推广经理,佛山,通用小语种,主要职责：统筹负责25年展会，包括广交会和海外ISH等展会，负责从@@策划##[S]到@@实施##[S]的全方位@@展会运营##[S]工作。具体职责包括@@展会预定与规划##[S]，进行@@市场调研##[S]，@@分析行业展会信息##[S]，@@选择适合公司的展会##[S]。@@制定展会整体规划##[S]，包括目标、主题和时间安排。根据展会主题与公司品牌，@@设计符合品牌形象的展位##[S]。全程,,,
200,领导项目团队按时、按预算完成研发任务,T,no_match,custom:transversal/d1af1de83aa5,[CUSTOM] 领导项目团队按时、按预算完成研发任务 (self-defined),0.0,4147,深圳市铭利达精密技术股份有限公司,技术专家（汽车液冷板）,东莞,通用小语种,"任职要求：
1. 教育背景： 本科或以上学历，专业领域为@@热能与动力工程##[K]、@@材料科学##[K]、@@机械工程##[K]或相关领域。
2. 工作经验：至少8年以上的@@汽车液冷板或相关热管理系统研发经验##[S]。
在汽车行业有丰富的@@研发背景##[S]，特别是新能源汽车或高性能汽车领域。
3. 专业技能：熟悉@@汽车液冷板的设计原理##[K]、@@制造工艺##[K]和@@性能要求#",,,
